video_id,label_id,source_frames,distinct_frames,model_input_frames,k,config,correct_top1,confidence,model,dataset
210300,0,52,1,32,1,k1,False,0.2819748818874359,slowfast_r50,ssv2
197315,2,49,1,32,1,k1,False,0.21631388366222382,slowfast_r50,ssv2
218883,3,44,1,32,1,k1,False,0.2759105861186981,slowfast_r50,ssv2
30133,4,61,1,32,1,k1,False,0.9964606165885925,slowfast_r50,ssv2
186406,6,66,1,32,1,k1,False,0.7565416693687439,slowfast_r50,ssv2
210300,0,52,2,32,2,k2,False,0.09344548732042313,slowfast_r50,ssv2
197315,2,49,2,32,2,k2,False,0.7325987815856934,slowfast_r50,ssv2
218883,3,44,2,32,2,k2,False,0.21002919971942902,slowfast_r50,ssv2
30133,4,61,2,32,2,k2,False,0.9605993628501892,slowfast_r50,ssv2
186406,6,66,2,32,2,k2,False,0.1557820588350296,slowfast_r50,ssv2
210300,0,52,4,32,4,k4,False,0.06060778349637985,slowfast_r50,ssv2
197315,2,49,4,32,4,k4,False,0.08661095798015594,slowfast_r50,ssv2
218883,3,44,4,32,4,k4,False,0.09254893660545349,slowfast_r50,ssv2
30133,4,61,4,32,4,k4,False,0.6598568558692932,slowfast_r50,ssv2
186406,6,66,4,32,4,k4,True,0.4158726930618286,slowfast_r50,ssv2
210300,0,52,8,32,8,k8,False,0.15166866779327393,slowfast_r50,ssv2
197315,2,49,8,32,8,k8,False,0.4185362458229065,slowfast_r50,ssv2
218883,3,44,8,32,8,k8,False,0.3134748637676239,slowfast_r50,ssv2
30133,4,61,8,32,8,k8,False,0.7681810855865479,slowfast_r50,ssv2
186406,6,66,8,32,8,k8,True,0.7437272667884827,slowfast_r50,ssv2
210300,0,52,16,32,16,k16,False,0.9358601570129395,slowfast_r50,ssv2
197315,2,49,16,32,16,k16,False,0.8749341368675232,slowfast_r50,ssv2
218883,3,44,16,32,16,k16,False,0.9010882377624512,slowfast_r50,ssv2
30133,4,61,16,32,16,k16,False,0.9701981544494629,slowfast_r50,ssv2
186406,6,66,16,32,16,k16,True,0.9149930477142334,slowfast_r50,ssv2
172000,7,58,1,32,1,k1,False,0.13658232986927032,slowfast_r50,ssv2
70659,8,18,1,32,1,k1,False,0.6598714590072632,slowfast_r50,ssv2
11086,8,18,1,32,1,k1,False,0.19610929489135742,slowfast_r50,ssv2
3793,9,38,1,32,1,k1,False,0.032669611275196075,slowfast_r50,ssv2
49806,9,19,1,32,1,k1,False,0.6724995374679565,slowfast_r50,ssv2
91295,9,20,1,32,1,k1,False,0.10145804286003113,slowfast_r50,ssv2
119565,9,19,1,32,1,k1,False,0.9801176190376282,slowfast_r50,ssv2
184324,10,20,1,32,1,k1,False,0.542987048625946,slowfast_r50,ssv2
39791,10,17,1,32,1,k1,False,0.46807584166526794,slowfast_r50,ssv2
21147,11,18,1,32,1,k1,False,0.5194816589355469,slowfast_r50,ssv2
203782,11,18,1,32,1,k1,False,0.4117317199707031,slowfast_r50,ssv2
12383,12,20,1,32,1,k1,False,0.24216625094413757,slowfast_r50,ssv2
172000,7,58,2,32,2,k2,False,0.06626658886671066,slowfast_r50,ssv2
70659,8,18,2,32,2,k2,False,0.2643120288848877,slowfast_r50,ssv2
11086,8,18,2,32,2,k2,False,0.0976049080491066,slowfast_r50,ssv2
3793,9,38,2,32,2,k2,False,0.18718890845775604,slowfast_r50,ssv2
49806,9,19,2,32,2,k2,False,0.21149761974811554,slowfast_r50,ssv2
91295,9,20,2,32,2,k2,False,0.20143400132656097,slowfast_r50,ssv2
119565,9,19,2,32,2,k2,False,0.4103977382183075,slowfast_r50,ssv2
184324,10,20,2,32,2,k2,False,0.45558711886405945,slowfast_r50,ssv2
39791,10,17,2,32,2,k2,False,0.18976373970508575,slowfast_r50,ssv2
21147,11,18,2,32,2,k2,False,0.5244922637939453,slowfast_r50,ssv2
203782,11,18,2,32,2,k2,False,0.10246824473142624,slowfast_r50,ssv2
12383,12,20,2,32,2,k2,False,0.8581775426864624,slowfast_r50,ssv2
172000,7,58,4,32,4,k4,False,0.07040739804506302,slowfast_r50,ssv2
70659,8,18,4,32,4,k4,False,0.6297646164894104,slowfast_r50,ssv2
11086,8,18,4,32,4,k4,False,0.3526105582714081,slowfast_r50,ssv2
3793,9,38,4,32,4,k4,True,0.30431222915649414,slowfast_r50,ssv2
49806,9,19,4,32,4,k4,False,0.6036598086357117,slowfast_r50,ssv2
91295,9,20,4,32,4,k4,False,0.10098697990179062,slowfast_r50,ssv2
119565,9,19,4,32,4,k4,False,0.44028446078300476,slowfast_r50,ssv2
184324,10,20,4,32,4,k4,False,0.1390509307384491,slowfast_r50,ssv2
39791,10,17,4,32,4,k4,False,0.27532967925071716,slowfast_r50,ssv2
21147,11,18,4,32,4,k4,False,0.42799675464630127,slowfast_r50,ssv2
203782,11,18,4,32,4,k4,False,0.24512669444084167,slowfast_r50,ssv2
12383,12,20,4,32,4,k4,False,0.5424728393554688,slowfast_r50,ssv2
172000,7,58,8,32,8,k8,False,0.4007672071456909,slowfast_r50,ssv2
70659,8,18,8,32,8,k8,False,0.5239974856376648,slowfast_r50,ssv2
11086,8,18,8,32,8,k8,False,0.6010472178459167,slowfast_r50,ssv2
3793,9,38,8,32,8,k8,True,0.8171349167823792,slowfast_r50,ssv2
49806,9,19,8,32,8,k8,True,0.3197872042655945,slowfast_r50,ssv2
91295,9,20,8,32,8,k8,False,0.13043364882469177,slowfast_r50,ssv2
119565,9,19,8,32,8,k8,False,0.25669625401496887,slowfast_r50,ssv2
184324,10,20,8,32,8,k8,False,0.5483198761940002,slowfast_r50,ssv2
39791,10,17,8,32,8,k8,False,0.27519339323043823,slowfast_r50,ssv2
21147,11,18,8,32,8,k8,False,0.2808535397052765,slowfast_r50,ssv2
203782,11,18,8,32,8,k8,False,0.21279802918434143,slowfast_r50,ssv2
12383,12,20,8,32,8,k8,False,0.4926469027996063,slowfast_r50,ssv2
172000,7,58,16,32,16,k16,True,0.448487788438797,slowfast_r50,ssv2
70659,8,18,16,32,16,k16,False,0.19148436188697815,slowfast_r50,ssv2
11086,8,18,16,32,16,k16,True,0.9613168835639954,slowfast_r50,ssv2
3793,9,38,16,32,16,k16,True,0.7816010117530823,slowfast_r50,ssv2
49806,9,19,16,32,16,k16,False,0.25076431035995483,slowfast_r50,ssv2
91295,9,20,16,32,16,k16,False,0.6615856885910034,slowfast_r50,ssv2
119565,9,19,16,32,16,k16,False,0.32488301396369934,slowfast_r50,ssv2
184324,10,20,16,32,16,k16,False,0.4908335208892822,slowfast_r50,ssv2
39791,10,17,16,32,16,k16,True,0.8703836798667908,slowfast_r50,ssv2
21147,11,18,16,32,16,k16,False,0.36157095432281494,slowfast_r50,ssv2
203782,11,18,16,32,16,k16,True,0.5817289352416992,slowfast_r50,ssv2
12383,12,20,16,32,16,k16,False,0.7224220037460327,slowfast_r50,ssv2
41732,12,30,1,32,1,k1,False,0.10380057990550995,slowfast_r50,ssv2
134009,13,59,1,32,1,k1,False,0.4978412985801697,slowfast_r50,ssv2
70598,14,67,1,32,1,k1,False,0.20983248949050903,slowfast_r50,ssv2
73515,16,50,1,32,1,k1,True,0.5236153602600098,slowfast_r50,ssv2
176489,16,16,1,32,1,k1,False,0.2339293658733368,slowfast_r50,ssv2
166437,17,12,1,32,1,k1,False,0.5261417031288147,slowfast_r50,ssv2
205544,18,16,1,32,1,k1,False,0.47256770730018616,slowfast_r50,ssv2
116776,18,16,1,32,1,k1,False,0.5517526865005493,slowfast_r50,ssv2
126414,19,47,1,32,1,k1,True,0.44926559925079346,slowfast_r50,ssv2
41732,12,30,2,32,2,k2,False,0.09746123850345612,slowfast_r50,ssv2
134009,13,59,2,32,2,k2,False,0.5120401382446289,slowfast_r50,ssv2
70598,14,67,2,32,2,k2,False,0.3470672369003296,slowfast_r50,ssv2
73515,16,50,2,32,2,k2,True,0.894074559211731,slowfast_r50,ssv2
176489,16,16,2,32,2,k2,False,0.3754914700984955,slowfast_r50,ssv2
166437,17,12,2,32,2,k2,False,0.51577228307724,slowfast_r50,ssv2
205544,18,16,2,32,2,k2,True,0.2623131275177002,slowfast_r50,ssv2
116776,18,16,2,32,2,k2,False,0.37307873368263245,slowfast_r50,ssv2
126414,19,47,2,32,2,k2,True,0.9336977005004883,slowfast_r50,ssv2
41732,12,30,4,32,4,k4,False,0.06545966863632202,slowfast_r50,ssv2
134009,13,59,4,32,4,k4,False,0.1728818416595459,slowfast_r50,ssv2
70598,14,67,4,32,4,k4,False,0.19871002435684204,slowfast_r50,ssv2
73515,16,50,4,32,4,k4,True,0.9706611633300781,slowfast_r50,ssv2
176489,16,16,4,32,4,k4,False,0.30533549189567566,slowfast_r50,ssv2
166437,17,12,4,32,4,k4,True,0.6442884802818298,slowfast_r50,ssv2
205544,18,16,4,32,4,k4,False,0.8508731126785278,slowfast_r50,ssv2
116776,18,16,4,32,4,k4,False,0.5728273987770081,slowfast_r50,ssv2
126414,19,47,4,32,4,k4,True,0.9608185291290283,slowfast_r50,ssv2
41732,12,30,8,32,8,k8,False,0.11526273936033249,slowfast_r50,ssv2
134009,13,59,8,32,8,k8,False,0.0632578432559967,slowfast_r50,ssv2
70598,14,67,8,32,8,k8,False,0.18073315918445587,slowfast_r50,ssv2
73515,16,50,8,32,8,k8,True,0.9953000545501709,slowfast_r50,ssv2
176489,16,16,8,32,8,k8,False,0.389779269695282,slowfast_r50,ssv2
166437,17,12,8,32,8,k8,True,0.4731765389442444,slowfast_r50,ssv2
205544,18,16,8,32,8,k8,False,0.9034194350242615,slowfast_r50,ssv2
116776,18,16,8,32,8,k8,False,0.9362363815307617,slowfast_r50,ssv2
126414,19,47,8,32,8,k8,True,0.9491947293281555,slowfast_r50,ssv2
41732,12,30,16,32,16,k16,False,0.45112690329551697,slowfast_r50,ssv2
134009,13,59,16,32,16,k16,False,0.10527747124433517,slowfast_r50,ssv2
70598,14,67,16,32,16,k16,False,0.3874455690383911,slowfast_r50,ssv2
73515,16,50,16,32,16,k16,True,0.9891897439956665,slowfast_r50,ssv2
176489,16,16,16,32,16,k16,False,0.3388349413871765,slowfast_r50,ssv2
166437,17,12,12,32,16,k16,False,0.4211532473564148,slowfast_r50,ssv2
205544,18,16,16,32,16,k16,False,0.9674441814422607,slowfast_r50,ssv2
116776,18,16,16,32,16,k16,True,0.5666288137435913,slowfast_r50,ssv2
126414,19,47,16,32,16,k16,True,0.9183160662651062,slowfast_r50,ssv2
425,19,27,1,32,1,k1,False,0.9485935568809509,slowfast_r50,ssv2
193202,23,57,1,32,1,k1,False,0.032672662287950516,slowfast_r50,ssv2
124722,23,14,1,32,1,k1,False,0.370435893535614,slowfast_r50,ssv2
152971,23,69,1,32,1,k1,False,0.9860860109329224,slowfast_r50,ssv2
34188,23,19,1,32,1,k1,False,0.2023494839668274,slowfast_r50,ssv2
60261,23,18,1,32,1,k1,False,0.18689657747745514,slowfast_r50,ssv2
112844,24,16,1,32,1,k1,False,0.6741037964820862,slowfast_r50,ssv2
151940,24,64,1,32,1,k1,False,0.08750853687524796,slowfast_r50,ssv2
188211,24,20,1,32,1,k1,False,0.5856103897094727,slowfast_r50,ssv2
163933,24,37,1,32,1,k1,False,0.032672662287950516,slowfast_r50,ssv2
425,19,27,2,32,2,k2,False,0.8565579652786255,slowfast_r50,ssv2
193202,23,57,2,32,2,k2,False,0.3741363286972046,slowfast_r50,ssv2
124722,23,14,2,32,2,k2,False,0.2715997099876404,slowfast_r50,ssv2
152971,23,69,2,32,2,k2,False,0.8385087251663208,slowfast_r50,ssv2
34188,23,19,2,32,2,k2,False,0.252130389213562,slowfast_r50,ssv2
60261,23,18,2,32,2,k2,False,0.16496191918849945,slowfast_r50,ssv2
112844,24,16,2,32,2,k2,False,0.13690237700939178,slowfast_r50,ssv2
151940,24,64,2,32,2,k2,False,0.08441551774740219,slowfast_r50,ssv2
188211,24,20,2,32,2,k2,False,0.43876078724861145,slowfast_r50,ssv2
163933,24,37,2,32,2,k2,False,0.45932382345199585,slowfast_r50,ssv2
425,19,27,4,32,4,k4,False,0.9577134251594543,slowfast_r50,ssv2
193202,23,57,4,32,4,k4,False,0.2606169283390045,slowfast_r50,ssv2
124722,23,14,4,32,4,k4,False,0.21847796440124512,slowfast_r50,ssv2
152971,23,69,4,32,4,k4,False,0.5241872668266296,slowfast_r50,ssv2
34188,23,19,4,32,4,k4,False,0.178915873169899,slowfast_r50,ssv2
60261,23,18,4,32,4,k4,False,0.2091590315103531,slowfast_r50,ssv2
112844,24,16,4,32,4,k4,False,0.4077078700065613,slowfast_r50,ssv2
151940,24,64,4,32,4,k4,False,0.7204225659370422,slowfast_r50,ssv2
188211,24,20,4,32,4,k4,True,0.8601281642913818,slowfast_r50,ssv2
163933,24,37,4,32,4,k4,False,0.4606018364429474,slowfast_r50,ssv2
425,19,27,8,32,8,k8,False,0.948919415473938,slowfast_r50,ssv2
193202,23,57,8,32,8,k8,False,0.5287814140319824,slowfast_r50,ssv2
124722,23,14,8,32,8,k8,False,0.7436338067054749,slowfast_r50,ssv2
152971,23,69,8,32,8,k8,False,0.6580851674079895,slowfast_r50,ssv2
34188,23,19,8,32,8,k8,False,0.5520310997962952,slowfast_r50,ssv2
60261,23,18,8,32,8,k8,False,0.6740655303001404,slowfast_r50,ssv2
112844,24,16,8,32,8,k8,False,0.271282434463501,slowfast_r50,ssv2
151940,24,64,8,32,8,k8,False,0.1371753066778183,slowfast_r50,ssv2
188211,24,20,8,32,8,k8,True,0.9469566345214844,slowfast_r50,ssv2
163933,24,37,8,32,8,k8,False,0.23423318564891815,slowfast_r50,ssv2
425,19,27,16,32,16,k16,False,0.2575289309024811,slowfast_r50,ssv2
193202,23,57,16,32,16,k16,False,0.23387949168682098,slowfast_r50,ssv2
124722,23,14,14,32,16,k16,False,0.5502989888191223,slowfast_r50,ssv2
152971,23,69,16,32,16,k16,False,0.6575675010681152,slowfast_r50,ssv2
34188,23,19,16,32,16,k16,False,0.9670048952102661,slowfast_r50,ssv2
60261,23,18,16,32,16,k16,False,0.6874181032180786,slowfast_r50,ssv2
112844,24,16,16,32,16,k16,True,0.7528579235076904,slowfast_r50,ssv2
151940,24,64,16,32,16,k16,True,0.9404198527336121,slowfast_r50,ssv2
188211,24,20,16,32,16,k16,True,0.9991468191146851,slowfast_r50,ssv2
163933,24,37,16,32,16,k16,False,0.5897388458251953,slowfast_r50,ssv2
150400,26,45,1,32,1,k1,False,0.652070939540863,slowfast_r50,ssv2
162440,27,20,1,32,1,k1,False,0.15805934369564056,slowfast_r50,ssv2
43192,29,53,1,32,1,k1,False,0.7338747382164001,slowfast_r50,ssv2
150400,26,45,2,32,2,k2,False,0.7613540887832642,slowfast_r50,ssv2
162440,27,20,2,32,2,k2,True,0.23990608751773834,slowfast_r50,ssv2
43192,29,53,2,32,2,k2,False,0.3949134647846222,slowfast_r50,ssv2
150400,26,45,4,32,4,k4,False,0.8668469786643982,slowfast_r50,ssv2
162440,27,20,4,32,4,k4,False,0.1449839174747467,slowfast_r50,ssv2
43192,29,53,4,32,4,k4,False,0.294770747423172,slowfast_r50,ssv2
150400,26,45,8,32,8,k8,False,0.6206059455871582,slowfast_r50,ssv2
162440,27,20,8,32,8,k8,False,0.4790164530277252,slowfast_r50,ssv2
43192,29,53,8,32,8,k8,False,0.10476134717464447,slowfast_r50,ssv2
150400,26,45,16,32,16,k16,False,0.6379785537719727,slowfast_r50,ssv2
162440,27,20,16,32,16,k16,True,0.8696193099021912,slowfast_r50,ssv2
43192,29,53,16,32,16,k16,False,0.515040397644043,slowfast_r50,ssv2
44683,32,59,1,32,1,k1,False,0.9221070408821106,slowfast_r50,ssv2
164129,33,71,1,32,1,k1,False,0.26042574644088745,slowfast_r50,ssv2
185741,34,36,1,32,1,k1,False,0.5341536998748779,slowfast_r50,ssv2
143109,35,62,1,32,1,k1,False,0.8109084367752075,slowfast_r50,ssv2
146477,36,60,1,32,1,k1,False,0.8205063343048096,slowfast_r50,ssv2
165840,36,52,1,32,1,k1,False,0.8850762844085693,slowfast_r50,ssv2
140573,37,57,1,32,1,k1,False,0.03266631439328194,slowfast_r50,ssv2
34417,38,63,1,32,1,k1,False,0.03266631439328194,slowfast_r50,ssv2
44683,32,59,2,32,2,k2,False,0.8537369966506958,slowfast_r50,ssv2
164129,33,71,2,32,2,k2,False,0.29913562536239624,slowfast_r50,ssv2
185741,34,36,2,32,2,k2,False,0.23494715988636017,slowfast_r50,ssv2
143109,35,62,2,32,2,k2,False,0.2770001292228699,slowfast_r50,ssv2
146477,36,60,2,32,2,k2,False,0.5545159578323364,slowfast_r50,ssv2
165840,36,52,2,32,2,k2,False,0.6498157978057861,slowfast_r50,ssv2
140573,37,57,2,32,2,k2,False,0.26978689432144165,slowfast_r50,ssv2
34417,38,63,2,32,2,k2,False,0.2694697380065918,slowfast_r50,ssv2
44683,32,59,4,32,4,k4,False,0.30011120438575745,slowfast_r50,ssv2
164129,33,71,4,32,4,k4,False,0.5844839811325073,slowfast_r50,ssv2
185741,34,36,4,32,4,k4,False,0.39773741364479065,slowfast_r50,ssv2
143109,35,62,4,32,4,k4,False,0.32022735476493835,slowfast_r50,ssv2
146477,36,60,4,32,4,k4,False,0.3247172236442566,slowfast_r50,ssv2
165840,36,52,4,32,4,k4,True,0.5178800821304321,slowfast_r50,ssv2
140573,37,57,4,32,4,k4,False,0.19804230332374573,slowfast_r50,ssv2
34417,38,63,4,32,4,k4,False,0.4058656394481659,slowfast_r50,ssv2
44683,32,59,8,32,8,k8,False,0.25758349895477295,slowfast_r50,ssv2
164129,33,71,8,32,8,k8,False,0.6391510367393494,slowfast_r50,ssv2
185741,34,36,8,32,8,k8,False,0.5730896592140198,slowfast_r50,ssv2
143109,35,62,8,32,8,k8,False,0.16051775217056274,slowfast_r50,ssv2
146477,36,60,8,32,8,k8,True,0.8504757285118103,slowfast_r50,ssv2
165840,36,52,8,32,8,k8,True,0.8703141212463379,slowfast_r50,ssv2
140573,37,57,8,32,8,k8,False,0.4858059585094452,slowfast_r50,ssv2
34417,38,63,8,32,8,k8,True,0.5763919353485107,slowfast_r50,ssv2
44683,32,59,16,32,16,k16,True,0.9570716023445129,slowfast_r50,ssv2
164129,33,71,16,32,16,k16,False,0.20154553651809692,slowfast_r50,ssv2
185741,34,36,16,32,16,k16,False,0.7740681767463684,slowfast_r50,ssv2
143109,35,62,16,32,16,k16,False,0.7981640100479126,slowfast_r50,ssv2
146477,36,60,16,32,16,k16,True,0.9582953453063965,slowfast_r50,ssv2
165840,36,52,16,32,16,k16,True,0.9458026885986328,slowfast_r50,ssv2
140573,37,57,16,32,16,k16,True,0.47839564085006714,slowfast_r50,ssv2
34417,38,63,16,32,16,k16,True,0.36299794912338257,slowfast_r50,ssv2
29279,38,20,1,32,1,k1,False,0.7002823352813721,slowfast_r50,ssv2
166191,38,68,1,32,1,k1,False,0.38259974122047424,slowfast_r50,ssv2
114961,38,38,1,32,1,k1,False,0.21155428886413574,slowfast_r50,ssv2
113944,39,58,1,32,1,k1,False,0.17138434946537018,slowfast_r50,ssv2
49872,39,71,1,32,1,k1,False,0.07663412392139435,slowfast_r50,ssv2
89232,39,17,1,32,1,k1,False,0.14493629336357117,slowfast_r50,ssv2
80513,39,35,1,32,1,k1,False,0.5544545650482178,slowfast_r50,ssv2
16323,42,31,1,32,1,k1,False,0.49016308784484863,slowfast_r50,ssv2
176052,42,35,1,32,1,k1,False,0.9922446608543396,slowfast_r50,ssv2
46605,43,19,1,32,1,k1,False,0.7125319242477417,slowfast_r50,ssv2
138894,43,26,1,32,1,k1,False,0.5845931172370911,slowfast_r50,ssv2
171359,43,20,1,32,1,k1,False,0.2915712594985962,slowfast_r50,ssv2
188511,43,39,1,32,1,k1,False,0.3501725196838379,slowfast_r50,ssv2
160529,44,32,1,32,1,k1,False,0.4152030646800995,slowfast_r50,ssv2
62951,44,20,1,32,1,k1,False,0.7053371667861938,slowfast_r50,ssv2
29279,38,20,2,32,2,k2,False,0.7819417119026184,slowfast_r50,ssv2
166191,38,68,2,32,2,k2,False,0.19558462500572205,slowfast_r50,ssv2
114961,38,38,2,32,2,k2,False,0.5616691708564758,slowfast_r50,ssv2
113944,39,58,2,32,2,k2,False,0.18285612761974335,slowfast_r50,ssv2
49872,39,71,2,32,2,k2,False,0.07602712512016296,slowfast_r50,ssv2
89232,39,17,2,32,2,k2,False,0.09630486369132996,slowfast_r50,ssv2
80513,39,35,2,32,2,k2,False,0.3091251850128174,slowfast_r50,ssv2
16323,42,31,2,32,2,k2,False,0.878969132900238,slowfast_r50,ssv2
176052,42,35,2,32,2,k2,False,0.8352826237678528,slowfast_r50,ssv2
46605,43,19,2,32,2,k2,False,0.46984294056892395,slowfast_r50,ssv2
138894,43,26,2,32,2,k2,False,0.23778684437274933,slowfast_r50,ssv2
171359,43,20,2,32,2,k2,False,0.3973991870880127,slowfast_r50,ssv2
188511,43,39,2,32,2,k2,False,0.5384390354156494,slowfast_r50,ssv2
160529,44,32,2,32,2,k2,False,0.07105907797813416,slowfast_r50,ssv2
62951,44,20,2,32,2,k2,False,0.4161963164806366,slowfast_r50,ssv2
29279,38,20,4,32,4,k4,False,0.5683711767196655,slowfast_r50,ssv2
166191,38,68,4,32,4,k4,False,0.2314765900373459,slowfast_r50,ssv2
114961,38,38,4,32,4,k4,False,0.2518962025642395,slowfast_r50,ssv2
113944,39,58,4,32,4,k4,False,0.12066524475812912,slowfast_r50,ssv2
49872,39,71,4,32,4,k4,False,0.15850794315338135,slowfast_r50,ssv2
89232,39,17,4,32,4,k4,False,0.6431275606155396,slowfast_r50,ssv2
80513,39,35,4,32,4,k4,False,0.07548577338457108,slowfast_r50,ssv2
16323,42,31,4,32,4,k4,False,0.31624364852905273,slowfast_r50,ssv2
176052,42,35,4,32,4,k4,False,0.6887597441673279,slowfast_r50,ssv2
46605,43,19,4,32,4,k4,False,0.1675889641046524,slowfast_r50,ssv2
138894,43,26,4,32,4,k4,False,0.16735701262950897,slowfast_r50,ssv2
171359,43,20,4,32,4,k4,False,0.2955557107925415,slowfast_r50,ssv2
188511,43,39,4,32,4,k4,False,0.7030289173126221,slowfast_r50,ssv2
160529,44,32,4,32,4,k4,False,0.16572986543178558,slowfast_r50,ssv2
62951,44,20,4,32,4,k4,False,0.15473783016204834,slowfast_r50,ssv2
29279,38,20,8,32,8,k8,False,0.7865491509437561,slowfast_r50,ssv2
166191,38,68,8,32,8,k8,True,0.3036958873271942,slowfast_r50,ssv2
114961,38,38,8,32,8,k8,True,0.5868552923202515,slowfast_r50,ssv2
113944,39,58,8,32,8,k8,False,0.5547078847885132,slowfast_r50,ssv2
49872,39,71,8,32,8,k8,False,0.4030344784259796,slowfast_r50,ssv2
89232,39,17,8,32,8,k8,False,0.6459033489227295,slowfast_r50,ssv2
80513,39,35,8,32,8,k8,False,0.4807650148868561,slowfast_r50,ssv2
16323,42,31,8,32,8,k8,False,0.5784929990768433,slowfast_r50,ssv2
176052,42,35,8,32,8,k8,False,0.44721364974975586,slowfast_r50,ssv2
46605,43,19,8,32,8,k8,False,0.33618345856666565,slowfast_r50,ssv2
138894,43,26,8,32,8,k8,False,0.5030157566070557,slowfast_r50,ssv2
171359,43,20,8,32,8,k8,False,0.4284609854221344,slowfast_r50,ssv2
188511,43,39,8,32,8,k8,True,0.9892972111701965,slowfast_r50,ssv2
160529,44,32,8,32,8,k8,False,0.15347665548324585,slowfast_r50,ssv2
62951,44,20,8,32,8,k8,False,0.3321009874343872,slowfast_r50,ssv2
29279,38,20,16,32,16,k16,False,0.40730059146881104,slowfast_r50,ssv2
166191,38,68,16,32,16,k16,False,0.6116443276405334,slowfast_r50,ssv2
114961,38,38,16,32,16,k16,True,0.7929533123970032,slowfast_r50,ssv2
113944,39,58,16,32,16,k16,True,0.949043333530426,slowfast_r50,ssv2
49872,39,71,16,32,16,k16,True,0.9180960655212402,slowfast_r50,ssv2
89232,39,17,16,32,16,k16,False,0.8179782032966614,slowfast_r50,ssv2
80513,39,35,16,32,16,k16,False,0.5450742840766907,slowfast_r50,ssv2
16323,42,31,16,32,16,k16,True,0.6216108798980713,slowfast_r50,ssv2
176052,42,35,16,32,16,k16,True,0.6968780755996704,slowfast_r50,ssv2
46605,43,19,16,32,16,k16,False,0.9224720001220703,slowfast_r50,ssv2
138894,43,26,16,32,16,k16,False,0.851902425289154,slowfast_r50,ssv2
171359,43,20,16,32,16,k16,False,0.7988426089286804,slowfast_r50,ssv2
188511,43,39,16,32,16,k16,True,0.9136489033699036,slowfast_r50,ssv2
160529,44,32,16,32,16,k16,True,0.5939602255821228,slowfast_r50,ssv2
62951,44,20,16,32,16,k16,True,0.6130495071411133,slowfast_r50,ssv2
25092,45,36,1,32,1,k1,False,0.038377389311790466,slowfast_r50,ssv2
116582,45,35,1,32,1,k1,False,0.224580779671669,slowfast_r50,ssv2
33170,46,63,1,32,1,k1,False,0.30886781215667725,slowfast_r50,ssv2
81817,46,55,1,32,1,k1,False,0.9923596978187561,slowfast_r50,ssv2
67287,46,57,1,32,1,k1,False,0.299620121717453,slowfast_r50,ssv2
107646,48,65,1,32,1,k1,False,0.032672662287950516,slowfast_r50,ssv2
9675,49,64,1,32,1,k1,False,0.7042719125747681,slowfast_r50,ssv2
5398,49,47,1,32,1,k1,False,0.45331016182899475,slowfast_r50,ssv2
100240,50,47,1,32,1,k1,False,0.3221120536327362,slowfast_r50,ssv2
164596,51,58,1,32,1,k1,False,0.6835842132568359,slowfast_r50,ssv2
25092,45,36,2,32,2,k2,False,0.13577242195606232,slowfast_r50,ssv2
116582,45,35,2,32,2,k2,False,0.35205018520355225,slowfast_r50,ssv2
33170,46,63,2,32,2,k2,False,0.3820209503173828,slowfast_r50,ssv2
81817,46,55,2,32,2,k2,False,0.9449579119682312,slowfast_r50,ssv2
67287,46,57,2,32,2,k2,False,0.09136480838060379,slowfast_r50,ssv2
107646,48,65,2,32,2,k2,False,0.06608925759792328,slowfast_r50,ssv2
9675,49,64,2,32,2,k2,False,0.46009013056755066,slowfast_r50,ssv2
5398,49,47,2,32,2,k2,False,0.5037045478820801,slowfast_r50,ssv2
100240,50,47,2,32,2,k2,False,0.6977179646492004,slowfast_r50,ssv2
164596,51,58,2,32,2,k2,False,0.3080490529537201,slowfast_r50,ssv2
25092,45,36,4,32,4,k4,False,0.36276954412460327,slowfast_r50,ssv2
116582,45,35,4,32,4,k4,False,0.1747591495513916,slowfast_r50,ssv2
33170,46,63,4,32,4,k4,False,0.36247342824935913,slowfast_r50,ssv2
81817,46,55,4,32,4,k4,False,0.7384369373321533,slowfast_r50,ssv2
67287,46,57,4,32,4,k4,False,0.0696219727396965,slowfast_r50,ssv2
107646,48,65,4,32,4,k4,False,0.09864989668130875,slowfast_r50,ssv2
9675,49,64,4,32,4,k4,False,0.3001290559768677,slowfast_r50,ssv2
5398,49,47,4,32,4,k4,False,0.32022276520729065,slowfast_r50,ssv2
100240,50,47,4,32,4,k4,False,0.07551951706409454,slowfast_r50,ssv2
164596,51,58,4,32,4,k4,False,0.15591119229793549,slowfast_r50,ssv2
25092,45,36,8,32,8,k8,True,0.9968019723892212,slowfast_r50,ssv2
116582,45,35,8,32,8,k8,False,0.40435269474983215,slowfast_r50,ssv2
33170,46,63,8,32,8,k8,False,0.7637168765068054,slowfast_r50,ssv2
81817,46,55,8,32,8,k8,False,0.8558711409568787,slowfast_r50,ssv2
67287,46,57,8,32,8,k8,False,0.10983355343341827,slowfast_r50,ssv2
107646,48,65,8,32,8,k8,False,0.1218128353357315,slowfast_r50,ssv2
9675,49,64,8,32,8,k8,False,0.5572677850723267,slowfast_r50,ssv2
5398,49,47,8,32,8,k8,False,0.28066468238830566,slowfast_r50,ssv2
100240,50,47,8,32,8,k8,False,0.7328981161117554,slowfast_r50,ssv2
164596,51,58,8,32,8,k8,False,0.34707915782928467,slowfast_r50,ssv2
25092,45,36,16,32,16,k16,True,0.9969549179077148,slowfast_r50,ssv2
116582,45,35,16,32,16,k16,False,0.3688201308250427,slowfast_r50,ssv2
33170,46,63,16,32,16,k16,True,0.811455249786377,slowfast_r50,ssv2
81817,46,55,16,32,16,k16,False,0.5910835266113281,slowfast_r50,ssv2
67287,46,57,16,32,16,k16,False,0.15803572535514832,slowfast_r50,ssv2
107646,48,65,16,32,16,k16,False,0.16622428596019745,slowfast_r50,ssv2
9675,49,64,16,32,16,k16,False,0.49683889746665955,slowfast_r50,ssv2
5398,49,47,16,32,16,k16,False,0.641511082649231,slowfast_r50,ssv2
100240,50,47,16,32,16,k16,False,0.9166870713233948,slowfast_r50,ssv2
164596,51,58,16,32,16,k16,False,0.2576568126678467,slowfast_r50,ssv2
24959,52,14,1,32,1,k1,False,0.5316309928894043,slowfast_r50,ssv2
169688,52,43,1,32,1,k1,False,0.14312744140625,slowfast_r50,ssv2
54990,53,18,1,32,1,k1,False,0.40318286418914795,slowfast_r50,ssv2
120822,55,14,1,32,1,k1,False,0.11702394485473633,slowfast_r50,ssv2
187046,55,16,1,32,1,k1,False,0.41829171776771545,slowfast_r50,ssv2
53135,55,40,1,32,1,k1,False,0.459378719329834,slowfast_r50,ssv2
183763,56,60,1,32,1,k1,False,0.03266368806362152,slowfast_r50,ssv2
108285,56,42,1,32,1,k1,False,0.5539423227310181,slowfast_r50,ssv2
92927,56,51,1,32,1,k1,False,0.32498833537101746,slowfast_r50,ssv2
24959,52,14,2,32,2,k2,False,0.12472128868103027,slowfast_r50,ssv2
169688,52,43,2,32,2,k2,False,0.08787007629871368,slowfast_r50,ssv2
54990,53,18,2,32,2,k2,False,0.39073890447616577,slowfast_r50,ssv2
120822,55,14,2,32,2,k2,False,0.3076259195804596,slowfast_r50,ssv2
187046,55,16,2,32,2,k2,False,0.3156473636627197,slowfast_r50,ssv2
53135,55,40,2,32,2,k2,False,0.1940544992685318,slowfast_r50,ssv2
183763,56,60,2,32,2,k2,False,0.09257708489894867,slowfast_r50,ssv2
108285,56,42,2,32,2,k2,False,0.5033347606658936,slowfast_r50,ssv2
92927,56,51,2,32,2,k2,False,0.25399118661880493,slowfast_r50,ssv2
24959,52,14,4,32,4,k4,False,0.28809309005737305,slowfast_r50,ssv2
169688,52,43,4,32,4,k4,False,0.027303319424390793,slowfast_r50,ssv2
54990,53,18,4,32,4,k4,False,0.2799474000930786,slowfast_r50,ssv2
120822,55,14,4,32,4,k4,False,0.11788586527109146,slowfast_r50,ssv2
187046,55,16,4,32,4,k4,False,0.3368285894393921,slowfast_r50,ssv2
53135,55,40,4,32,4,k4,False,0.1710432767868042,slowfast_r50,ssv2
183763,56,60,4,32,4,k4,False,0.07550843060016632,slowfast_r50,ssv2
108285,56,42,4,32,4,k4,False,0.6025675535202026,slowfast_r50,ssv2
92927,56,51,4,32,4,k4,True,0.4190303087234497,slowfast_r50,ssv2
24959,52,14,8,32,8,k8,False,0.4466262757778168,slowfast_r50,ssv2
169688,52,43,8,32,8,k8,False,0.03407394886016846,slowfast_r50,ssv2
54990,53,18,8,32,8,k8,False,0.4416729509830475,slowfast_r50,ssv2
120822,55,14,8,32,8,k8,False,0.47858789563179016,slowfast_r50,ssv2
187046,55,16,8,32,8,k8,False,0.5115756988525391,slowfast_r50,ssv2
53135,55,40,8,32,8,k8,False,0.26237809658050537,slowfast_r50,ssv2
183763,56,60,8,32,8,k8,True,0.07949721068143845,slowfast_r50,ssv2
108285,56,42,8,32,8,k8,False,0.8754276037216187,slowfast_r50,ssv2
92927,56,51,8,32,8,k8,False,0.5369676351547241,slowfast_r50,ssv2
24959,52,14,14,32,16,k16,False,0.7409842014312744,slowfast_r50,ssv2
169688,52,43,16,32,16,k16,False,0.06400532275438309,slowfast_r50,ssv2
54990,53,18,16,32,16,k16,False,0.22065819799900055,slowfast_r50,ssv2
120822,55,14,14,32,16,k16,False,0.8847919702529907,slowfast_r50,ssv2
187046,55,16,16,32,16,k16,False,0.7466152906417847,slowfast_r50,ssv2
53135,55,40,16,32,16,k16,False,0.5115306377410889,slowfast_r50,ssv2
183763,56,60,16,32,16,k16,False,0.6937050819396973,slowfast_r50,ssv2
108285,56,42,16,32,16,k16,False,0.620134711265564,slowfast_r50,ssv2
92927,56,51,16,32,16,k16,False,0.47582492232322693,slowfast_r50,ssv2
25632,58,44,1,32,1,k1,False,0.1979750394821167,slowfast_r50,ssv2
102916,59,63,1,32,1,k1,False,0.37396344542503357,slowfast_r50,ssv2
67859,60,55,1,32,1,k1,False,0.40551087260246277,slowfast_r50,ssv2
91176,60,49,1,32,1,k1,False,0.4305869936943054,slowfast_r50,ssv2
27476,61,52,1,32,1,k1,False,0.26168230175971985,slowfast_r50,ssv2
25632,58,44,2,32,2,k2,False,0.17718812823295593,slowfast_r50,ssv2
102916,59,63,2,32,2,k2,False,0.20623596012592316,slowfast_r50,ssv2
67859,60,55,2,32,2,k2,False,0.8821097612380981,slowfast_r50,ssv2
91176,60,49,2,32,2,k2,False,0.2161746770143509,slowfast_r50,ssv2
27476,61,52,2,32,2,k2,False,0.4077281653881073,slowfast_r50,ssv2
25632,58,44,4,32,4,k4,False,0.8084144592285156,slowfast_r50,ssv2
102916,59,63,4,32,4,k4,False,0.07755683362483978,slowfast_r50,ssv2
67859,60,55,4,32,4,k4,False,0.6662815809249878,slowfast_r50,ssv2
91176,60,49,4,32,4,k4,False,0.5006359815597534,slowfast_r50,ssv2
27476,61,52,4,32,4,k4,False,0.2411733716726303,slowfast_r50,ssv2
25632,58,44,8,32,8,k8,False,0.5847534537315369,slowfast_r50,ssv2
102916,59,63,8,32,8,k8,False,0.5180885195732117,slowfast_r50,ssv2
67859,60,55,8,32,8,k8,False,0.46659401059150696,slowfast_r50,ssv2
91176,60,49,8,32,8,k8,False,0.3157498240470886,slowfast_r50,ssv2
27476,61,52,8,32,8,k8,False,0.2553262710571289,slowfast_r50,ssv2
25632,58,44,16,32,16,k16,False,0.9056647419929504,slowfast_r50,ssv2
102916,59,63,16,32,16,k16,True,0.9909602403640747,slowfast_r50,ssv2
67859,60,55,16,32,16,k16,False,0.8553033471107483,slowfast_r50,ssv2
91176,60,49,16,32,16,k16,False,0.614511251449585,slowfast_r50,ssv2
27476,61,52,16,32,16,k16,False,0.8717811107635498,slowfast_r50,ssv2
72791,65,30,1,32,1,k1,False,0.1025465875864029,slowfast_r50,ssv2
197070,66,67,1,32,1,k1,False,0.5691894888877869,slowfast_r50,ssv2
182404,68,18,1,32,1,k1,False,0.28444722294807434,slowfast_r50,ssv2
161343,68,50,1,32,1,k1,False,0.4403989017009735,slowfast_r50,ssv2
212458,70,14,1,32,1,k1,False,0.6334516406059265,slowfast_r50,ssv2
72791,65,30,2,32,2,k2,False,0.10614996403455734,slowfast_r50,ssv2
197070,66,67,2,32,2,k2,False,0.3070787489414215,slowfast_r50,ssv2
182404,68,18,2,32,2,k2,False,0.25707191228866577,slowfast_r50,ssv2
161343,68,50,2,32,2,k2,False,0.5288903713226318,slowfast_r50,ssv2
212458,70,14,2,32,2,k2,False,0.24083103239536285,slowfast_r50,ssv2
72791,65,30,4,32,4,k4,False,0.22076162695884705,slowfast_r50,ssv2
197070,66,67,4,32,4,k4,False,0.622668445110321,slowfast_r50,ssv2
182404,68,18,4,32,4,k4,False,0.21293136477470398,slowfast_r50,ssv2
161343,68,50,4,32,4,k4,False,0.370879590511322,slowfast_r50,ssv2
212458,70,14,4,32,4,k4,False,0.1427352875471115,slowfast_r50,ssv2
72791,65,30,8,32,8,k8,True,0.23830460011959076,slowfast_r50,ssv2
197070,66,67,8,32,8,k8,False,0.6270758509635925,slowfast_r50,ssv2
182404,68,18,8,32,8,k8,False,0.1168261170387268,slowfast_r50,ssv2
161343,68,50,8,32,8,k8,True,0.3084007203578949,slowfast_r50,ssv2
212458,70,14,8,32,8,k8,False,0.3415152132511139,slowfast_r50,ssv2
72791,65,30,16,32,16,k16,True,0.6391362547874451,slowfast_r50,ssv2
197070,66,67,16,32,16,k16,False,0.5600049495697021,slowfast_r50,ssv2
182404,68,18,16,32,16,k16,False,0.11747292429208755,slowfast_r50,ssv2
161343,68,50,16,32,16,k16,False,0.6185319423675537,slowfast_r50,ssv2
212458,70,14,14,32,16,k16,True,0.7965695858001709,slowfast_r50,ssv2
91923,71,18,1,32,1,k1,False,0.6923376321792603,slowfast_r50,ssv2
175235,71,71,1,32,1,k1,False,0.03266631439328194,slowfast_r50,ssv2
23643,71,37,1,32,1,k1,False,0.21935540437698364,slowfast_r50,ssv2
89540,73,47,1,32,1,k1,False,0.39321306347846985,slowfast_r50,ssv2
188748,75,69,1,32,1,k1,False,0.03266631439328194,slowfast_r50,ssv2
128360,76,50,1,32,1,k1,False,0.44990286231040955,slowfast_r50,ssv2
91923,71,18,2,32,2,k2,False,0.24813105165958405,slowfast_r50,ssv2
175235,71,71,2,32,2,k2,False,0.16241782903671265,slowfast_r50,ssv2
23643,71,37,2,32,2,k2,False,0.2252558171749115,slowfast_r50,ssv2
89540,73,47,2,32,2,k2,False,0.4157469570636749,slowfast_r50,ssv2
188748,75,69,2,32,2,k2,False,0.07620442658662796,slowfast_r50,ssv2
128360,76,50,2,32,2,k2,False,0.45920419692993164,slowfast_r50,ssv2
91923,71,18,4,32,4,k4,False,0.12871229648590088,slowfast_r50,ssv2
175235,71,71,4,32,4,k4,False,0.08276588469743729,slowfast_r50,ssv2
23643,71,37,4,32,4,k4,False,0.5043264627456665,slowfast_r50,ssv2
89540,73,47,4,32,4,k4,True,0.8617513179779053,slowfast_r50,ssv2
188748,75,69,4,32,4,k4,False,0.3319447636604309,slowfast_r50,ssv2
128360,76,50,4,32,4,k4,False,0.3425699770450592,slowfast_r50,ssv2
91923,71,18,8,32,8,k8,False,0.3378051817417145,slowfast_r50,ssv2
175235,71,71,8,32,8,k8,False,0.4251743257045746,slowfast_r50,ssv2
23643,71,37,8,32,8,k8,True,0.3518888056278229,slowfast_r50,ssv2
89540,73,47,8,32,8,k8,True,0.4271734356880188,slowfast_r50,ssv2
188748,75,69,8,32,8,k8,False,0.15853391587734222,slowfast_r50,ssv2
128360,76,50,8,32,8,k8,False,0.22454684972763062,slowfast_r50,ssv2
91923,71,18,16,32,16,k16,False,0.20876149833202362,slowfast_r50,ssv2
175235,71,71,16,32,16,k16,False,0.1411520540714264,slowfast_r50,ssv2
23643,71,37,16,32,16,k16,True,0.613109290599823,slowfast_r50,ssv2
89540,73,47,16,32,16,k16,True,0.3816748261451721,slowfast_r50,ssv2
188748,75,69,16,32,16,k16,False,0.3094518482685089,slowfast_r50,ssv2
128360,76,50,16,32,16,k16,False,0.6164582371711731,slowfast_r50,ssv2
81176,78,20,1,32,1,k1,False,0.16094174981117249,slowfast_r50,ssv2
59065,78,49,1,32,1,k1,False,0.4600152373313904,slowfast_r50,ssv2
198300,80,36,1,32,1,k1,False,0.41724637150764465,slowfast_r50,ssv2
699,80,46,1,32,1,k1,False,0.7158706188201904,slowfast_r50,ssv2
145051,80,63,1,32,1,k1,False,0.03266368806362152,slowfast_r50,ssv2
76402,81,64,1,32,1,k1,False,0.7352278232574463,slowfast_r50,ssv2
159601,83,15,1,32,1,k1,False,0.25193580985069275,slowfast_r50,ssv2
81176,78,20,2,32,2,k2,False,0.11633851379156113,slowfast_r50,ssv2
59065,78,49,2,32,2,k2,False,0.1893085539340973,slowfast_r50,ssv2
198300,80,36,2,32,2,k2,False,0.3030228018760681,slowfast_r50,ssv2
699,80,46,2,32,2,k2,False,0.8039979338645935,slowfast_r50,ssv2
145051,80,63,2,32,2,k2,False,0.20342686772346497,slowfast_r50,ssv2
76402,81,64,2,32,2,k2,False,0.12751787900924683,slowfast_r50,ssv2
159601,83,15,2,32,2,k2,False,0.1803310662508011,slowfast_r50,ssv2
81176,78,20,4,32,4,k4,False,0.05950430780649185,slowfast_r50,ssv2
59065,78,49,4,32,4,k4,False,0.15921670198440552,slowfast_r50,ssv2
198300,80,36,4,32,4,k4,False,0.479295939207077,slowfast_r50,ssv2
699,80,46,4,32,4,k4,False,0.7532419562339783,slowfast_r50,ssv2
145051,80,63,4,32,4,k4,False,0.3791486322879791,slowfast_r50,ssv2
76402,81,64,4,32,4,k4,False,0.1560910940170288,slowfast_r50,ssv2
159601,83,15,4,32,4,k4,False,0.14137917757034302,slowfast_r50,ssv2
81176,78,20,8,32,8,k8,False,0.035684410482645035,slowfast_r50,ssv2
59065,78,49,8,32,8,k8,False,0.09785646200180054,slowfast_r50,ssv2
198300,80,36,8,32,8,k8,False,0.9286099076271057,slowfast_r50,ssv2
699,80,46,8,32,8,k8,False,0.44651949405670166,slowfast_r50,ssv2
145051,80,63,8,32,8,k8,False,0.49479493498802185,slowfast_r50,ssv2
76402,81,64,8,32,8,k8,False,0.29006439447402954,slowfast_r50,ssv2
159601,83,15,8,32,8,k8,False,0.630907416343689,slowfast_r50,ssv2
81176,78,20,16,32,16,k16,False,0.15725742280483246,slowfast_r50,ssv2
59065,78,49,16,32,16,k16,False,0.5796225070953369,slowfast_r50,ssv2
198300,80,36,16,32,16,k16,False,0.8800398707389832,slowfast_r50,ssv2
699,80,46,16,32,16,k16,False,0.4553258419036865,slowfast_r50,ssv2
145051,80,63,16,32,16,k16,False,0.9831230044364929,slowfast_r50,ssv2
76402,81,64,16,32,16,k16,False,0.38817134499549866,slowfast_r50,ssv2
159601,83,15,15,32,16,k16,False,0.38364383578300476,slowfast_r50,ssv2
28577,84,32,1,32,1,k1,False,0.6711608171463013,slowfast_r50,ssv2
56273,84,55,1,32,1,k1,False,0.7868009805679321,slowfast_r50,ssv2
92550,84,46,1,32,1,k1,False,0.5272637009620667,slowfast_r50,ssv2
141375,86,66,1,32,1,k1,False,0.29723942279815674,slowfast_r50,ssv2
52704,86,36,1,32,1,k1,False,0.39222246408462524,slowfast_r50,ssv2
14731,87,20,1,32,1,k1,False,0.9678937196731567,slowfast_r50,ssv2
79254,89,50,1,32,1,k1,False,0.0589028000831604,slowfast_r50,ssv2
28577,84,32,2,32,2,k2,False,0.2848871946334839,slowfast_r50,ssv2
56273,84,55,2,32,2,k2,False,0.4927980303764343,slowfast_r50,ssv2
92550,84,46,2,32,2,k2,False,0.32991132140159607,slowfast_r50,ssv2
141375,86,66,2,32,2,k2,False,0.10584139823913574,slowfast_r50,ssv2
52704,86,36,2,32,2,k2,False,0.5577946305274963,slowfast_r50,ssv2
14731,87,20,2,32,2,k2,False,0.2152072936296463,slowfast_r50,ssv2
79254,89,50,2,32,2,k2,False,0.03572395071387291,slowfast_r50,ssv2
28577,84,32,4,32,4,k4,False,0.12160796672105789,slowfast_r50,ssv2
56273,84,55,4,32,4,k4,False,0.2331024706363678,slowfast_r50,ssv2
92550,84,46,4,32,4,k4,False,0.3407060503959656,slowfast_r50,ssv2
141375,86,66,4,32,4,k4,False,0.16794830560684204,slowfast_r50,ssv2
52704,86,36,4,32,4,k4,False,0.24053990840911865,slowfast_r50,ssv2
14731,87,20,4,32,4,k4,False,0.3172945976257324,slowfast_r50,ssv2
79254,89,50,4,32,4,k4,False,0.04193488880991936,slowfast_r50,ssv2
28577,84,32,8,32,8,k8,False,0.5693093538284302,slowfast_r50,ssv2
56273,84,55,8,32,8,k8,False,0.39252185821533203,slowfast_r50,ssv2
92550,84,46,8,32,8,k8,False,0.135128453373909,slowfast_r50,ssv2
141375,86,66,8,32,8,k8,False,0.4357653260231018,slowfast_r50,ssv2
52704,86,36,8,32,8,k8,False,0.5350624918937683,slowfast_r50,ssv2
14731,87,20,8,32,8,k8,False,0.7080771327018738,slowfast_r50,ssv2
79254,89,50,8,32,8,k8,False,0.09166549146175385,slowfast_r50,ssv2
28577,84,32,16,32,16,k16,False,0.16259953379631042,slowfast_r50,ssv2
56273,84,55,16,32,16,k16,True,0.9844951033592224,slowfast_r50,ssv2
92550,84,46,16,32,16,k16,False,0.80759197473526,slowfast_r50,ssv2
141375,86,66,16,32,16,k16,False,0.5008376240730286,slowfast_r50,ssv2
52704,86,36,16,32,16,k16,False,0.445300817489624,slowfast_r50,ssv2
14731,87,20,16,32,16,k16,False,0.6759699583053589,slowfast_r50,ssv2
79254,89,50,16,32,16,k16,False,0.20160038769245148,slowfast_r50,ssv2
34441,90,63,1,32,1,k1,False,0.03266368806362152,slowfast_r50,ssv2
98202,90,42,1,32,1,k1,False,0.21419821679592133,slowfast_r50,ssv2
148408,90,71,1,32,1,k1,False,0.4640130400657654,slowfast_r50,ssv2
177810,94,17,1,32,1,k1,False,0.05459987744688988,slowfast_r50,ssv2
87275,94,46,1,32,1,k1,False,0.667185366153717,slowfast_r50,ssv2
33701,95,38,1,32,1,k1,False,0.2011227160692215,slowfast_r50,ssv2
177854,95,61,1,32,1,k1,False,0.03266368806362152,slowfast_r50,ssv2
34441,90,63,2,32,2,k2,False,0.04078869894146919,slowfast_r50,ssv2
98202,90,42,2,32,2,k2,False,0.4260556101799011,slowfast_r50,ssv2
148408,90,71,2,32,2,k2,False,0.7705027461051941,slowfast_r50,ssv2
177810,94,17,2,32,2,k2,False,0.07875250279903412,slowfast_r50,ssv2
87275,94,46,2,32,2,k2,False,0.08814039081335068,slowfast_r50,ssv2
33701,95,38,2,32,2,k2,False,0.5006318688392639,slowfast_r50,ssv2
177854,95,61,2,32,2,k2,False,0.07026656717061996,slowfast_r50,ssv2
34441,90,63,4,32,4,k4,False,0.8562777638435364,slowfast_r50,ssv2
98202,90,42,4,32,4,k4,False,0.8821581602096558,slowfast_r50,ssv2
148408,90,71,4,32,4,k4,False,0.9261738061904907,slowfast_r50,ssv2
177810,94,17,4,32,4,k4,False,0.053486037999391556,slowfast_r50,ssv2
87275,94,46,4,32,4,k4,True,0.2358381450176239,slowfast_r50,ssv2
33701,95,38,4,32,4,k4,False,0.48837122321128845,slowfast_r50,ssv2
177854,95,61,4,32,4,k4,False,0.0680253654718399,slowfast_r50,ssv2
34441,90,63,8,32,8,k8,False,0.38418078422546387,slowfast_r50,ssv2
98202,90,42,8,32,8,k8,False,0.38095617294311523,slowfast_r50,ssv2
148408,90,71,8,32,8,k8,False,0.4917287826538086,slowfast_r50,ssv2
177810,94,17,8,32,8,k8,False,0.1382974535226822,slowfast_r50,ssv2
87275,94,46,8,32,8,k8,True,0.5011337995529175,slowfast_r50,ssv2
33701,95,38,8,32,8,k8,True,0.8623086810112,slowfast_r50,ssv2
177854,95,61,8,32,8,k8,False,0.517855167388916,slowfast_r50,ssv2
34441,90,63,16,32,16,k16,False,0.7112219333648682,slowfast_r50,ssv2
98202,90,42,16,32,16,k16,True,0.557259202003479,slowfast_r50,ssv2
148408,90,71,16,32,16,k16,False,0.7270014882087708,slowfast_r50,ssv2
177810,94,17,16,32,16,k16,False,0.17409364879131317,slowfast_r50,ssv2
87275,94,46,16,32,16,k16,True,0.7596372961997986,slowfast_r50,ssv2
33701,95,38,16,32,16,k16,True,0.9784472584724426,slowfast_r50,ssv2
177854,95,61,16,32,16,k16,True,0.6731478571891785,slowfast_r50,ssv2
92623,96,11,1,32,1,k1,False,0.27894577383995056,slowfast_r50,ssv2
18088,97,34,1,32,1,k1,False,0.18724410235881805,slowfast_r50,ssv2
7247,98,15,1,32,1,k1,False,0.8705477714538574,slowfast_r50,ssv2
49632,100,37,1,32,1,k1,False,0.3427322506904602,slowfast_r50,ssv2
18455,102,64,1,32,1,k1,False,0.2537645101547241,slowfast_r50,ssv2
65274,102,52,1,32,1,k1,False,0.5600188374519348,slowfast_r50,ssv2
89512,102,19,1,32,1,k1,False,0.3574473559856415,slowfast_r50,ssv2
92623,96,11,2,32,2,k2,False,0.4841504693031311,slowfast_r50,ssv2
18088,97,34,2,32,2,k2,False,0.34484735131263733,slowfast_r50,ssv2
7247,98,15,2,32,2,k2,False,0.3539053499698639,slowfast_r50,ssv2
49632,100,37,2,32,2,k2,False,0.7972487807273865,slowfast_r50,ssv2
18455,102,64,2,32,2,k2,False,0.4120880961418152,slowfast_r50,ssv2
65274,102,52,2,32,2,k2,False,0.3104274570941925,slowfast_r50,ssv2
89512,102,19,2,32,2,k2,False,0.2618820071220398,slowfast_r50,ssv2
92623,96,11,4,32,4,k4,True,0.27838334441185,slowfast_r50,ssv2
18088,97,34,4,32,4,k4,False,0.4019189774990082,slowfast_r50,ssv2
7247,98,15,4,32,4,k4,False,0.41757479310035706,slowfast_r50,ssv2
49632,100,37,4,32,4,k4,False,0.8111030459403992,slowfast_r50,ssv2
18455,102,64,4,32,4,k4,False,0.1796674281358719,slowfast_r50,ssv2
65274,102,52,4,32,4,k4,False,0.15404243767261505,slowfast_r50,ssv2
89512,102,19,4,32,4,k4,False,0.15634366869926453,slowfast_r50,ssv2
92623,96,11,8,32,8,k8,True,0.2507946789264679,slowfast_r50,ssv2
18088,97,34,8,32,8,k8,False,0.6669934988021851,slowfast_r50,ssv2
7247,98,15,8,32,8,k8,False,0.44365283846855164,slowfast_r50,ssv2
49632,100,37,8,32,8,k8,False,0.6108682155609131,slowfast_r50,ssv2
18455,102,64,8,32,8,k8,False,0.19206376373767853,slowfast_r50,ssv2
65274,102,52,8,32,8,k8,False,0.2437002807855606,slowfast_r50,ssv2
89512,102,19,8,32,8,k8,False,0.23903821408748627,slowfast_r50,ssv2
92623,96,11,11,32,16,k16,False,0.4347606599330902,slowfast_r50,ssv2
18088,97,34,16,32,16,k16,True,0.5195421576499939,slowfast_r50,ssv2
7247,98,15,15,32,16,k16,False,0.29371166229248047,slowfast_r50,ssv2
49632,100,37,16,32,16,k16,False,0.2178468555212021,slowfast_r50,ssv2
18455,102,64,16,32,16,k16,False,0.2555615305900574,slowfast_r50,ssv2
65274,102,52,16,32,16,k16,False,0.4115629196166992,slowfast_r50,ssv2
89512,102,19,16,32,16,k16,False,0.9487748742103577,slowfast_r50,ssv2
63879,103,52,1,32,1,k1,False,0.12000169605016708,slowfast_r50,ssv2
43923,103,53,1,32,1,k1,False,0.8136874437332153,slowfast_r50,ssv2
212065,104,56,1,32,1,k1,False,0.4332185685634613,slowfast_r50,ssv2
81162,104,43,1,32,1,k1,False,0.6032242774963379,slowfast_r50,ssv2
79026,104,17,1,32,1,k1,False,0.8395016193389893,slowfast_r50,ssv2
72315,105,56,1,32,1,k1,False,0.03266631439328194,slowfast_r50,ssv2
63879,103,52,2,32,2,k2,False,0.6930574178695679,slowfast_r50,ssv2
43923,103,53,2,32,2,k2,False,0.9188383221626282,slowfast_r50,ssv2
212065,104,56,2,32,2,k2,False,0.558771014213562,slowfast_r50,ssv2
81162,104,43,2,32,2,k2,False,0.38760262727737427,slowfast_r50,ssv2
79026,104,17,2,32,2,k2,False,0.5877885818481445,slowfast_r50,ssv2
72315,105,56,2,32,2,k2,False,0.0802793800830841,slowfast_r50,ssv2
63879,103,52,4,32,4,k4,False,0.7686988115310669,slowfast_r50,ssv2
43923,103,53,4,32,4,k4,False,0.9696877598762512,slowfast_r50,ssv2
212065,104,56,4,32,4,k4,False,0.36427807807922363,slowfast_r50,ssv2
81162,104,43,4,32,4,k4,True,0.44088900089263916,slowfast_r50,ssv2
79026,104,17,4,32,4,k4,False,0.1831052452325821,slowfast_r50,ssv2
72315,105,56,4,32,4,k4,False,0.10320954769849777,slowfast_r50,ssv2
63879,103,52,8,32,8,k8,False,0.8355863690376282,slowfast_r50,ssv2
43923,103,53,8,32,8,k8,False,0.931806206703186,slowfast_r50,ssv2
212065,104,56,8,32,8,k8,False,0.42435064911842346,slowfast_r50,ssv2
81162,104,43,8,32,8,k8,False,0.4401424825191498,slowfast_r50,ssv2
79026,104,17,8,32,8,k8,False,0.12897028028964996,slowfast_r50,ssv2
72315,105,56,8,32,8,k8,False,0.14118574559688568,slowfast_r50,ssv2
63879,103,52,16,32,16,k16,True,0.6575444936752319,slowfast_r50,ssv2
43923,103,53,16,32,16,k16,True,0.9790794849395752,slowfast_r50,ssv2
212065,104,56,16,32,16,k16,True,0.423930287361145,slowfast_r50,ssv2
81162,104,43,16,32,16,k16,False,0.2991540729999542,slowfast_r50,ssv2
79026,104,17,16,32,16,k16,False,0.31093141436576843,slowfast_r50,ssv2
72315,105,56,16,32,16,k16,False,0.13091999292373657,slowfast_r50,ssv2
217714,110,19,1,32,1,k1,False,0.16984839737415314,slowfast_r50,ssv2
175034,111,33,1,32,1,k1,False,0.13720205426216125,slowfast_r50,ssv2
185497,113,18,1,32,1,k1,False,0.799888551235199,slowfast_r50,ssv2
217714,110,19,2,32,2,k2,False,0.3452264666557312,slowfast_r50,ssv2
175034,111,33,2,32,2,k2,False,0.21993708610534668,slowfast_r50,ssv2
185497,113,18,2,32,2,k2,False,0.3393101692199707,slowfast_r50,ssv2
217714,110,19,4,32,4,k4,False,0.37647223472595215,slowfast_r50,ssv2
175034,111,33,4,32,4,k4,False,0.2585437297821045,slowfast_r50,ssv2
185497,113,18,4,32,4,k4,False,0.31310680508613586,slowfast_r50,ssv2
217714,110,19,8,32,8,k8,False,0.15269675850868225,slowfast_r50,ssv2
175034,111,33,8,32,8,k8,False,0.9219143986701965,slowfast_r50,ssv2
185497,113,18,8,32,8,k8,False,0.23522484302520752,slowfast_r50,ssv2
217714,110,19,16,32,16,k16,False,0.2006809115409851,slowfast_r50,ssv2
175034,111,33,16,32,16,k16,False,0.7660992741584778,slowfast_r50,ssv2
185497,113,18,16,32,16,k16,False,0.3380437195301056,slowfast_r50,ssv2
26202,116,53,1,32,1,k1,False,0.13440823554992676,slowfast_r50,ssv2
153575,117,48,1,32,1,k1,False,0.3180094063282013,slowfast_r50,ssv2
69208,118,54,1,32,1,k1,False,0.33534881472587585,slowfast_r50,ssv2
124129,118,67,1,32,1,k1,False,0.03266368806362152,slowfast_r50,ssv2
36063,119,26,1,32,1,k1,False,0.5603317022323608,slowfast_r50,ssv2
185409,122,17,1,32,1,k1,False,0.06948772817850113,slowfast_r50,ssv2
146645,122,17,1,32,1,k1,False,0.2013177126646042,slowfast_r50,ssv2
26202,116,53,2,32,2,k2,False,0.3789701759815216,slowfast_r50,ssv2
153575,117,48,2,32,2,k2,False,0.4871756434440613,slowfast_r50,ssv2
69208,118,54,2,32,2,k2,False,0.14447498321533203,slowfast_r50,ssv2
124129,118,67,2,32,2,k2,False,0.2513631582260132,slowfast_r50,ssv2
36063,119,26,2,32,2,k2,False,0.1188431978225708,slowfast_r50,ssv2
185409,122,17,2,32,2,k2,False,0.21760986745357513,slowfast_r50,ssv2
146645,122,17,2,32,2,k2,False,0.28080564737319946,slowfast_r50,ssv2
26202,116,53,4,32,4,k4,False,0.2867737114429474,slowfast_r50,ssv2
153575,117,48,4,32,4,k4,False,0.207375630736351,slowfast_r50,ssv2
69208,118,54,4,32,4,k4,False,0.10064736008644104,slowfast_r50,ssv2
124129,118,67,4,32,4,k4,False,0.3010893762111664,slowfast_r50,ssv2
36063,119,26,4,32,4,k4,False,0.21805524826049805,slowfast_r50,ssv2
185409,122,17,4,32,4,k4,False,0.06909890472888947,slowfast_r50,ssv2
146645,122,17,4,32,4,k4,False,0.2994813621044159,slowfast_r50,ssv2
26202,116,53,8,32,8,k8,False,0.09368206560611725,slowfast_r50,ssv2
153575,117,48,8,32,8,k8,False,0.44055765867233276,slowfast_r50,ssv2
69208,118,54,8,32,8,k8,False,0.46340683102607727,slowfast_r50,ssv2
124129,118,67,8,32,8,k8,False,0.31866273283958435,slowfast_r50,ssv2
36063,119,26,8,32,8,k8,True,0.41820114850997925,slowfast_r50,ssv2
185409,122,17,8,32,8,k8,False,0.6756594777107239,slowfast_r50,ssv2
146645,122,17,8,32,8,k8,False,0.2875514030456543,slowfast_r50,ssv2
26202,116,53,16,32,16,k16,False,0.637776255607605,slowfast_r50,ssv2
153575,117,48,16,32,16,k16,False,0.7449602484703064,slowfast_r50,ssv2
69208,118,54,16,32,16,k16,False,0.15552426874637604,slowfast_r50,ssv2
124129,118,67,16,32,16,k16,False,0.21268446743488312,slowfast_r50,ssv2
36063,119,26,16,32,16,k16,True,0.5560917854309082,slowfast_r50,ssv2
185409,122,17,16,32,16,k16,False,0.7797672152519226,slowfast_r50,ssv2
146645,122,17,16,32,16,k16,True,0.6153416633605957,slowfast_r50,ssv2
24550,123,49,1,32,1,k1,False,0.3670099377632141,slowfast_r50,ssv2
114755,123,15,1,32,1,k1,False,0.4486962556838989,slowfast_r50,ssv2
128802,124,50,1,32,1,k1,False,0.5184864401817322,slowfast_r50,ssv2
24550,123,49,2,32,2,k2,False,0.4894295930862427,slowfast_r50,ssv2
114755,123,15,2,32,2,k2,False,0.275773823261261,slowfast_r50,ssv2
128802,124,50,2,32,2,k2,False,0.654562771320343,slowfast_r50,ssv2
24550,123,49,4,32,4,k4,False,0.678698718547821,slowfast_r50,ssv2
114755,123,15,4,32,4,k4,False,0.2484973967075348,slowfast_r50,ssv2
128802,124,50,4,32,4,k4,False,0.5565835237503052,slowfast_r50,ssv2
24550,123,49,8,32,8,k8,False,0.3271337151527405,slowfast_r50,ssv2
114755,123,15,8,32,8,k8,False,0.29756227135658264,slowfast_r50,ssv2
128802,124,50,8,32,8,k8,False,0.1746206432580948,slowfast_r50,ssv2
24550,123,49,16,32,16,k16,True,0.39184096455574036,slowfast_r50,ssv2
114755,123,15,15,32,16,k16,False,0.35706019401550293,slowfast_r50,ssv2
128802,124,50,16,32,16,k16,False,0.5529104471206665,slowfast_r50,ssv2
135917,129,37,1,32,1,k1,False,0.4077896475791931,slowfast_r50,ssv2
3043,129,69,1,32,1,k1,False,0.5007487535476685,slowfast_r50,ssv2
135030,131,20,1,32,1,k1,False,0.16244804859161377,slowfast_r50,ssv2
49038,131,19,1,32,1,k1,False,0.31678780913352966,slowfast_r50,ssv2
71978,131,17,1,32,1,k1,False,0.2912323474884033,slowfast_r50,ssv2
20153,132,40,1,32,1,k1,False,0.1165485605597496,slowfast_r50,ssv2
68062,132,15,1,32,1,k1,False,0.18000660836696625,slowfast_r50,ssv2
85046,134,20,1,32,1,k1,False,0.36493980884552,slowfast_r50,ssv2
84719,134,17,1,32,1,k1,False,0.08959873020648956,slowfast_r50,ssv2
106321,134,35,1,32,1,k1,False,0.07410404086112976,slowfast_r50,ssv2
135917,129,37,2,32,2,k2,False,0.3186376988887787,slowfast_r50,ssv2
3043,129,69,2,32,2,k2,False,0.4496506452560425,slowfast_r50,ssv2
135030,131,20,2,32,2,k2,False,0.0988103598356247,slowfast_r50,ssv2
49038,131,19,2,32,2,k2,False,0.740683376789093,slowfast_r50,ssv2
71978,131,17,2,32,2,k2,False,0.32249483466148376,slowfast_r50,ssv2
20153,132,40,2,32,2,k2,False,0.1449763923883438,slowfast_r50,ssv2
68062,132,15,2,32,2,k2,False,0.19449645280838013,slowfast_r50,ssv2
85046,134,20,2,32,2,k2,False,0.13318274915218353,slowfast_r50,ssv2
84719,134,17,2,32,2,k2,False,0.6913319230079651,slowfast_r50,ssv2
106321,134,35,2,32,2,k2,False,0.20328614115715027,slowfast_r50,ssv2
135917,129,37,4,32,4,k4,False,0.90451979637146,slowfast_r50,ssv2
3043,129,69,4,32,4,k4,True,0.3334006071090698,slowfast_r50,ssv2
135030,131,20,4,32,4,k4,False,0.15805326402187347,slowfast_r50,ssv2
49038,131,19,4,32,4,k4,False,0.6705062985420227,slowfast_r50,ssv2
71978,131,17,4,32,4,k4,False,0.06965632736682892,slowfast_r50,ssv2
20153,132,40,4,32,4,k4,False,0.1145927831530571,slowfast_r50,ssv2
68062,132,15,4,32,4,k4,False,0.2717735767364502,slowfast_r50,ssv2
85046,134,20,4,32,4,k4,True,0.5366138815879822,slowfast_r50,ssv2
84719,134,17,4,32,4,k4,False,0.15276208519935608,slowfast_r50,ssv2
106321,134,35,4,32,4,k4,False,0.11074946820735931,slowfast_r50,ssv2
135917,129,37,8,32,8,k8,True,0.2241075187921524,slowfast_r50,ssv2
3043,129,69,8,32,8,k8,False,0.6868708729743958,slowfast_r50,ssv2
135030,131,20,8,32,8,k8,False,0.15565413236618042,slowfast_r50,ssv2
49038,131,19,8,32,8,k8,False,0.38705310225486755,slowfast_r50,ssv2
71978,131,17,8,32,8,k8,False,0.13189882040023804,slowfast_r50,ssv2
20153,132,40,8,32,8,k8,False,0.04732856899499893,slowfast_r50,ssv2
68062,132,15,8,32,8,k8,True,0.5743187069892883,slowfast_r50,ssv2
85046,134,20,8,32,8,k8,True,0.6684879064559937,slowfast_r50,ssv2
84719,134,17,8,32,8,k8,True,0.9957155585289001,slowfast_r50,ssv2
106321,134,35,8,32,8,k8,True,0.8633926510810852,slowfast_r50,ssv2
135917,129,37,16,32,16,k16,True,0.9982670545578003,slowfast_r50,ssv2
3043,129,69,16,32,16,k16,True,0.7871664762496948,slowfast_r50,ssv2
135030,131,20,16,32,16,k16,False,0.3011121153831482,slowfast_r50,ssv2
49038,131,19,16,32,16,k16,False,0.6794854402542114,slowfast_r50,ssv2
71978,131,17,16,32,16,k16,False,0.2697088122367859,slowfast_r50,ssv2
20153,132,40,16,32,16,k16,False,0.4004678428173065,slowfast_r50,ssv2
68062,132,15,15,32,16,k16,True,0.4801500141620636,slowfast_r50,ssv2
85046,134,20,16,32,16,k16,True,0.800575852394104,slowfast_r50,ssv2
84719,134,17,16,32,16,k16,True,0.9924472570419312,slowfast_r50,ssv2
106321,134,35,16,32,16,k16,True,0.9600579142570496,slowfast_r50,ssv2
167185,135,50,1,32,1,k1,False,0.2048863172531128,slowfast_r50,ssv2
10018,137,17,1,32,1,k1,False,0.21086303889751434,slowfast_r50,ssv2
128629,139,21,1,32,1,k1,False,0.5636700987815857,slowfast_r50,ssv2
127985,140,15,1,32,1,k1,False,0.34325510263442993,slowfast_r50,ssv2
139316,140,18,1,32,1,k1,False,0.3603940010070801,slowfast_r50,ssv2
85931,141,26,1,32,1,k1,False,0.7353837490081787,slowfast_r50,ssv2
167185,135,50,2,32,2,k2,False,0.19577357172966003,slowfast_r50,ssv2
10018,137,17,2,32,2,k2,False,0.06762095540761948,slowfast_r50,ssv2
128629,139,21,2,32,2,k2,False,0.14037927985191345,slowfast_r50,ssv2
127985,140,15,2,32,2,k2,False,0.26944684982299805,slowfast_r50,ssv2
139316,140,18,2,32,2,k2,False,0.15495049953460693,slowfast_r50,ssv2
85931,141,26,2,32,2,k2,False,0.07356133311986923,slowfast_r50,ssv2
167185,135,50,4,32,4,k4,True,0.29407018423080444,slowfast_r50,ssv2
10018,137,17,4,32,4,k4,False,0.17010371387004852,slowfast_r50,ssv2
128629,139,21,4,32,4,k4,False,0.07271429896354675,slowfast_r50,ssv2
127985,140,15,4,32,4,k4,False,0.24181018769741058,slowfast_r50,ssv2
139316,140,18,4,32,4,k4,True,0.14949098229408264,slowfast_r50,ssv2
85931,141,26,4,32,4,k4,False,0.2454117089509964,slowfast_r50,ssv2
167185,135,50,8,32,8,k8,False,0.06484661251306534,slowfast_r50,ssv2
10018,137,17,8,32,8,k8,False,0.6124989986419678,slowfast_r50,ssv2
128629,139,21,8,32,8,k8,False,0.10084809362888336,slowfast_r50,ssv2
127985,140,15,8,32,8,k8,False,0.17334923148155212,slowfast_r50,ssv2
139316,140,18,8,32,8,k8,True,0.28805139660835266,slowfast_r50,ssv2
85931,141,26,8,32,8,k8,False,0.13871565461158752,slowfast_r50,ssv2
167185,135,50,16,32,16,k16,True,0.33370375633239746,slowfast_r50,ssv2
10018,137,17,16,32,16,k16,False,0.597200870513916,slowfast_r50,ssv2
128629,139,21,16,32,16,k16,False,0.2312232106924057,slowfast_r50,ssv2
127985,140,15,15,32,16,k16,False,0.28859370946884155,slowfast_r50,ssv2
139316,140,18,16,32,16,k16,False,0.4901371896266937,slowfast_r50,ssv2
85931,141,26,16,32,16,k16,False,0.3002128303050995,slowfast_r50,ssv2
152026,145,67,1,32,1,k1,False,0.2478044480085373,slowfast_r50,ssv2
142245,146,40,1,32,1,k1,False,0.3349933624267578,slowfast_r50,ssv2
152026,145,67,2,32,2,k2,False,0.16635824739933014,slowfast_r50,ssv2
142245,146,40,2,32,2,k2,True,0.9234997630119324,slowfast_r50,ssv2
152026,145,67,4,32,4,k4,False,0.061147332191467285,slowfast_r50,ssv2
142245,146,40,4,32,4,k4,True,0.9743912220001221,slowfast_r50,ssv2
152026,145,67,8,32,8,k8,False,0.13187746703624725,slowfast_r50,ssv2
142245,146,40,8,32,8,k8,True,0.9274939894676208,slowfast_r50,ssv2
152026,145,67,16,32,16,k16,False,0.2374914437532425,slowfast_r50,ssv2
142245,146,40,16,32,16,k16,True,0.988527774810791,slowfast_r50,ssv2
58994,148,50,1,32,1,k1,False,0.940552830696106,slowfast_r50,ssv2
124638,150,66,1,32,1,k1,False,0.21961289644241333,slowfast_r50,ssv2
25171,150,63,1,32,1,k1,False,0.9363363981246948,slowfast_r50,ssv2
145707,151,30,1,32,1,k1,False,0.29999953508377075,slowfast_r50,ssv2
64908,151,22,1,32,1,k1,False,0.33003151416778564,slowfast_r50,ssv2
58994,148,50,2,32,2,k2,False,0.30411261320114136,slowfast_r50,ssv2
124638,150,66,2,32,2,k2,False,0.12104649096727371,slowfast_r50,ssv2
25171,150,63,2,32,2,k2,False,0.8974717259407043,slowfast_r50,ssv2
145707,151,30,2,32,2,k2,False,0.28334808349609375,slowfast_r50,ssv2
64908,151,22,2,32,2,k2,False,0.08337193727493286,slowfast_r50,ssv2
58994,148,50,4,32,4,k4,False,0.06880535185337067,slowfast_r50,ssv2
124638,150,66,4,32,4,k4,False,0.325333833694458,slowfast_r50,ssv2
25171,150,63,4,32,4,k4,False,0.3217395842075348,slowfast_r50,ssv2
145707,151,30,4,32,4,k4,False,0.19912263751029968,slowfast_r50,ssv2
64908,151,22,4,32,4,k4,False,0.3134009540081024,slowfast_r50,ssv2
58994,148,50,8,32,8,k8,False,0.17598915100097656,slowfast_r50,ssv2
124638,150,66,8,32,8,k8,False,0.28886356949806213,slowfast_r50,ssv2
25171,150,63,8,32,8,k8,False,0.18818506598472595,slowfast_r50,ssv2
145707,151,30,8,32,8,k8,False,0.149314284324646,slowfast_r50,ssv2
64908,151,22,8,32,8,k8,False,0.2094360888004303,slowfast_r50,ssv2
58994,148,50,16,32,16,k16,False,0.2614993155002594,slowfast_r50,ssv2
124638,150,66,16,32,16,k16,False,0.20661278069019318,slowfast_r50,ssv2
25171,150,63,16,32,16,k16,False,0.4844765067100525,slowfast_r50,ssv2
145707,151,30,16,32,16,k16,True,0.620418131351471,slowfast_r50,ssv2
64908,151,22,16,32,16,k16,True,0.8985050916671753,slowfast_r50,ssv2
124976,155,18,1,32,1,k1,False,0.33636531233787537,slowfast_r50,ssv2
116335,155,17,1,32,1,k1,False,0.36480075120925903,slowfast_r50,ssv2
184397,160,39,1,32,1,k1,False,0.8044189810752869,slowfast_r50,ssv2
124976,155,18,2,32,2,k2,False,0.397986501455307,slowfast_r50,ssv2
116335,155,17,2,32,2,k2,False,0.2090945839881897,slowfast_r50,ssv2
184397,160,39,2,32,2,k2,False,0.8693339824676514,slowfast_r50,ssv2
124976,155,18,4,32,4,k4,False,0.838698148727417,slowfast_r50,ssv2
116335,155,17,4,32,4,k4,False,0.2805088460445404,slowfast_r50,ssv2
184397,160,39,4,32,4,k4,False,0.2577187418937683,slowfast_r50,ssv2
124976,155,18,8,32,8,k8,False,0.5945751667022705,slowfast_r50,ssv2
116335,155,17,8,32,8,k8,False,0.7701950073242188,slowfast_r50,ssv2
184397,160,39,8,32,8,k8,False,0.36039140820503235,slowfast_r50,ssv2
124976,155,18,16,32,16,k16,False,0.3757522702217102,slowfast_r50,ssv2
116335,155,17,16,32,16,k16,False,0.8860193490982056,slowfast_r50,ssv2
184397,160,39,16,32,16,k16,False,0.3466591238975525,slowfast_r50,ssv2
40234,162,56,1,32,1,k1,False,0.4542202651500702,slowfast_r50,ssv2
88503,163,51,1,32,1,k1,False,0.4920669198036194,slowfast_r50,ssv2
40234,162,56,2,32,2,k2,False,0.19486281275749207,slowfast_r50,ssv2
88503,163,51,2,32,2,k2,False,0.5498887300491333,slowfast_r50,ssv2
40234,162,56,4,32,4,k4,False,0.24869801104068756,slowfast_r50,ssv2
88503,163,51,4,32,4,k4,False,0.2497783750295639,slowfast_r50,ssv2
40234,162,56,8,32,8,k8,False,0.2354453206062317,slowfast_r50,ssv2
88503,163,51,8,32,8,k8,False,0.5767838358879089,slowfast_r50,ssv2
40234,162,56,16,32,16,k16,False,0.43461185693740845,slowfast_r50,ssv2
88503,163,51,16,32,16,k16,False,0.1897553950548172,slowfast_r50,ssv2
37516,169,72,1,32,1,k1,False,0.8120704293251038,slowfast_r50,ssv2
51754,169,46,1,32,1,k1,False,0.7915048003196716,slowfast_r50,ssv2
119331,171,45,1,32,1,k1,False,0.22866827249526978,slowfast_r50,ssv2
130921,171,19,1,32,1,k1,False,0.6075562238693237,slowfast_r50,ssv2
192273,173,55,1,32,1,k1,False,0.5036170482635498,slowfast_r50,ssv2
37516,169,72,2,32,2,k2,False,0.6176699995994568,slowfast_r50,ssv2
51754,169,46,2,32,2,k2,False,0.4664747416973114,slowfast_r50,ssv2
119331,171,45,2,32,2,k2,True,0.9076117277145386,slowfast_r50,ssv2
130921,171,19,2,32,2,k2,True,0.4362437129020691,slowfast_r50,ssv2
192273,173,55,2,32,2,k2,False,0.21964675188064575,slowfast_r50,ssv2
37516,169,72,4,32,4,k4,False,0.40577760338783264,slowfast_r50,ssv2
51754,169,46,4,32,4,k4,False,0.36293140053749084,slowfast_r50,ssv2
119331,171,45,4,32,4,k4,False,0.355237752199173,slowfast_r50,ssv2
130921,171,19,4,32,4,k4,False,0.4157286584377289,slowfast_r50,ssv2
192273,173,55,4,32,4,k4,False,0.18389703333377838,slowfast_r50,ssv2
37516,169,72,8,32,8,k8,False,0.9574565291404724,slowfast_r50,ssv2
51754,169,46,8,32,8,k8,False,0.24201305210590363,slowfast_r50,ssv2
119331,171,45,8,32,8,k8,False,0.23168198764324188,slowfast_r50,ssv2
130921,171,19,8,32,8,k8,False,0.9837522506713867,slowfast_r50,ssv2
192273,173,55,8,32,8,k8,False,0.17273665964603424,slowfast_r50,ssv2
37516,169,72,16,32,16,k16,False,0.5929000973701477,slowfast_r50,ssv2
51754,169,46,16,32,16,k16,False,0.7092764377593994,slowfast_r50,ssv2
119331,171,45,16,32,16,k16,True,0.9835698008537292,slowfast_r50,ssv2
130921,171,19,16,32,16,k16,False,0.2892531454563141,slowfast_r50,ssv2
192273,173,55,16,32,16,k16,False,0.24525637924671173,slowfast_r50,ssv2
