tau,k_low,k_high,accuracy,avg_frames,fraction_upgraded,model,dataset,delta_acc
0.0,4,8,0.12580152671755726,4.0,0.0,r2plus1d_18_ssv2_full_e10_a100,somethingv2,0.0
0.010101010101010102,4,8,0.12580152671755726,4.0,0.0,r2plus1d_18_ssv2_full_e10_a100,somethingv2,0.0
0.020202020202020204,4,8,0.12580152671755726,4.0,0.0,r2plus1d_18_ssv2_full_e10_a100,somethingv2,0.0
0.030303030303030304,4,8,0.12580152671755726,4.0,0.0,r2plus1d_18_ssv2_full_e10_a100,somethingv2,0.0
0.04040404040404041,4,8,0.12580152671755726,4.0,0.0,r2plus1d_18_ssv2_full_e10_a100,somethingv2,0.0
0.05050505050505051,4,8,0.12580152671755726,4.0,0.0,r2plus1d_18_ssv2_full_e10_a100,somethingv2,0.0
0.06060606060606061,4,8,0.12580152671755726,4.0,0.0,r2plus1d_18_ssv2_full_e10_a100,somethingv2,0.0
0.07070707070707072,4,8,0.12580152671755726,4.0,0.0,r2plus1d_18_ssv2_full_e10_a100,somethingv2,0.0
0.08080808080808081,4,8,0.12580152671755726,4.001221374045802,0.0003053435114503817,r2plus1d_18_ssv2_full_e10_a100,somethingv2,0.0
0.09090909090909091,4,8,0.12580152671755726,4.006106870229008,0.0015267175572519084,r2plus1d_18_ssv2_full_e10_a100,somethingv2,0.0
0.10101010101010102,4,8,0.12610687022900763,4.014656488549618,0.00366412213740458,r2plus1d_18_ssv2_full_e10_a100,somethingv2,0.00030534351145036775
0.11111111111111112,4,8,0.12610687022900763,4.018320610687023,0.004580152671755725,r2plus1d_18_ssv2_full_e10_a100,somethingv2,0.00030534351145036775
0.12121212121212122,4,8,0.12580152671755726,4.029312977099237,0.00732824427480916,r2plus1d_18_ssv2_full_e10_a100,somethingv2,0.0
0.13131313131313133,4,8,0.12641221374045802,4.042748091603054,0.010687022900763359,r2plus1d_18_ssv2_full_e10_a100,somethingv2,0.0006106870229007633
0.14141414141414144,4,8,0.12854961832061068,4.0549618320610685,0.013740458015267175,r2plus1d_18_ssv2_full_e10_a100,somethingv2,0.002748091603053421
0.15151515151515152,4,8,0.12885496183206108,4.074503816793893,0.018625954198473283,r2plus1d_18_ssv2_full_e10_a100,somethingv2,0.0030534351145038163
0.16161616161616163,4,8,0.1297709923664122,4.089160305343511,0.022290076335877863,r2plus1d_18_ssv2_full_e10_a100,somethingv2,0.003969465648854947
0.17171717171717174,4,8,0.1300763358778626,4.111145038167939,0.027786259541984732,r2plus1d_18_ssv2_full_e10_a100,somethingv2,0.004274809160305343
0.18181818181818182,4,8,0.1319083969465649,4.146564885496184,0.0366412213740458,r2plus1d_18_ssv2_full_e10_a100,somethingv2,0.006106870229007633
0.19191919191919193,4,8,0.1334351145038168,4.16854961832061,0.04213740458015267,r2plus1d_18_ssv2_full_e10_a100,somethingv2,0.007633587786259527
0.20202020202020204,4,8,0.1349618320610687,4.205190839694657,0.05129770992366412,r2plus1d_18_ssv2_full_e10_a100,somethingv2,0.009160305343511449
0.21212121212121213,4,8,0.13557251908396947,4.239389312977099,0.05984732824427481,r2plus1d_18_ssv2_full_e10_a100,somethingv2,0.009770992366412212
0.22222222222222224,4,8,0.136793893129771,4.276030534351145,0.06900763358778626,r2plus1d_18_ssv2_full_e10_a100,somethingv2,0.010992366412213739
0.23232323232323235,4,8,0.136793893129771,4.3163358778625955,0.07908396946564886,r2plus1d_18_ssv2_full_e10_a100,somethingv2,0.010992366412213739
0.24242424242424243,4,8,0.13770992366412213,4.360305343511451,0.0900763358778626,r2plus1d_18_ssv2_full_e10_a100,somethingv2,0.01190839694656487
0.25252525252525254,4,8,0.13984732824427482,4.414045801526718,0.10351145038167939,r2plus1d_18_ssv2_full_e10_a100,somethingv2,0.014045801526717555
0.26262626262626265,4,8,0.14229007633587787,4.466564885496183,0.1166412213740458,r2plus1d_18_ssv2_full_e10_a100,somethingv2,0.016488549618320608
0.27272727272727276,4,8,0.14412213740458016,4.525190839694656,0.13129770992366413,r2plus1d_18_ssv2_full_e10_a100,somethingv2,0.018320610687022898
0.2828282828282829,4,8,0.14595419847328245,4.56793893129771,0.14198473282442747,r2plus1d_18_ssv2_full_e10_a100,somethingv2,0.020152671755725188
0.29292929292929293,4,8,0.14717557251908397,4.61557251908397,0.15389312977099237,r2plus1d_18_ssv2_full_e10_a100,somethingv2,0.021374045801526714
0.30303030303030304,4,8,0.1480916030534351,4.653435114503817,0.1633587786259542,r2plus1d_18_ssv2_full_e10_a100,somethingv2,0.022290076335877845
0.31313131313131315,4,8,0.1502290076335878,4.6937404580152675,0.1734351145038168,r2plus1d_18_ssv2_full_e10_a100,somethingv2,0.02442748091603053
0.32323232323232326,4,8,0.15175572519083969,4.748702290076336,0.18717557251908398,r2plus1d_18_ssv2_full_e10_a100,somethingv2,0.025954198473282425
0.33333333333333337,4,8,0.1529770992366412,4.7890076335877865,0.19725190839694656,r2plus1d_18_ssv2_full_e10_a100,somethingv2,0.02717557251908395
0.3434343434343435,4,8,0.15358778625954198,4.843969465648855,0.21099236641221375,r2plus1d_18_ssv2_full_e10_a100,somethingv2,0.027786259541984715
0.3535353535353536,4,8,0.15603053435114503,4.8989312977099235,0.2247328244274809,r2plus1d_18_ssv2_full_e10_a100,somethingv2,0.030229007633587768
0.36363636363636365,4,8,0.15572519083969466,4.956335877862595,0.23908396946564886,r2plus1d_18_ssv2_full_e10_a100,somethingv2,0.0299236641221374
0.37373737373737376,4,8,0.15725190839694655,5.00763358778626,0.25190839694656486,r2plus1d_18_ssv2_full_e10_a100,somethingv2,0.031450381679389294
0.38383838383838387,4,8,0.16061068702290077,5.055267175572519,0.2638167938931298,r2plus1d_18_ssv2_full_e10_a100,somethingv2,0.034809160305343506
0.393939393939394,4,8,0.16244274809160306,5.102900763358779,0.27572519083969466,r2plus1d_18_ssv2_full_e10_a100,somethingv2,0.036641221374045796
0.4040404040404041,4,8,0.16396946564885495,5.155419847328244,0.28885496183206105,r2plus1d_18_ssv2_full_e10_a100,somethingv2,0.03816793893129769
0.4141414141414142,4,8,0.166412213740458,5.211603053435114,0.30290076335877864,r2plus1d_18_ssv2_full_e10_a100,somethingv2,0.04061068702290074
0.42424242424242425,4,8,0.1685496183206107,5.266564885496183,0.3166412213740458,r2plus1d_18_ssv2_full_e10_a100,somethingv2,0.04274809160305343
0.43434343434343436,4,8,0.17099236641221374,5.322748091603054,0.33068702290076335,r2plus1d_18_ssv2_full_e10_a100,somethingv2,0.04519083969465648
0.4444444444444445,4,8,0.1734351145038168,5.398473282442748,0.34961832061068704,r2plus1d_18_ssv2_full_e10_a100,somethingv2,0.047633587786259535
0.4545454545454546,4,8,0.17770992366412214,5.453435114503817,0.36335877862595417,r2plus1d_18_ssv2_full_e10_a100,somethingv2,0.05190839694656488
0.4646464646464647,4,8,0.18106870229007632,5.510839694656489,0.37770992366412215,r2plus1d_18_ssv2_full_e10_a100,somethingv2,0.05526717557251906
0.4747474747474748,4,8,0.18167938931297709,5.556030534351145,0.3890076335877863,r2plus1d_18_ssv2_full_e10_a100,somethingv2,0.055877862595419825
0.48484848484848486,4,8,0.18198473282442748,5.598778625954198,0.3996946564885496,r2plus1d_18_ssv2_full_e10_a100,somethingv2,0.05618320610687022
0.494949494949495,4,8,0.18290076335877864,5.641526717557252,0.41038167938931297,r2plus1d_18_ssv2_full_e10_a100,somethingv2,0.05709923664122138
0.5050505050505051,4,8,0.18412213740458017,5.694045801526718,0.42351145038167937,r2plus1d_18_ssv2_full_e10_a100,somethingv2,0.058320610687022906
0.5151515151515152,4,8,0.18656488549618322,5.745343511450382,0.4363358778625954,r2plus1d_18_ssv2_full_e10_a100,somethingv2,0.06076335877862596
0.5252525252525253,4,8,0.18717557251908398,5.777099236641221,0.4442748091603053,r2plus1d_18_ssv2_full_e10_a100,somethingv2,0.06137404580152672
0.5353535353535354,4,8,0.18870229007633588,5.8259541984732826,0.45648854961832064,r2plus1d_18_ssv2_full_e10_a100,somethingv2,0.06290076335877862
0.5454545454545455,4,8,0.19083969465648856,5.871145038167939,0.4677862595419847,r2plus1d_18_ssv2_full_e10_a100,somethingv2,0.0650381679389313
0.5555555555555556,4,8,0.19267175572519085,5.91267175572519,0.4781679389312977,r2plus1d_18_ssv2_full_e10_a100,somethingv2,0.06687022900763359
0.5656565656565657,4,8,0.19267175572519085,5.950534351145039,0.48763358778625954,r2plus1d_18_ssv2_full_e10_a100,somethingv2,0.06687022900763359
0.5757575757575758,4,8,0.19389312977099238,5.988396946564886,0.49709923664122135,r2plus1d_18_ssv2_full_e10_a100,somethingv2,0.06809160305343512
0.5858585858585859,4,8,0.19450381679389314,6.022595419847328,0.5056488549618321,r2plus1d_18_ssv2_full_e10_a100,somethingv2,-0.04885496183206106
0.595959595959596,4,8,0.19450381679389314,6.06412213740458,0.516030534351145,r2plus1d_18_ssv2_full_e10_a100,somethingv2,-0.04885496183206106
0.6060606060606061,4,8,0.1948091603053435,6.0995419847328245,0.5248854961832061,r2plus1d_18_ssv2_full_e10_a100,somethingv2,-0.048549618320610693
0.6161616161616162,4,8,0.1966412213740458,6.153282442748091,0.5383206106870229,r2plus1d_18_ssv2_full_e10_a100,somethingv2,-0.046717557251908404
0.6262626262626263,4,8,0.19816793893129772,6.19236641221374,0.5480916030534351,r2plus1d_18_ssv2_full_e10_a100,somethingv2,-0.04519083969465648
0.6363636363636365,4,8,0.19938931297709925,6.233893129770992,0.5584732824427481,r2plus1d_18_ssv2_full_e10_a100,somethingv2,-0.043969465648854955
0.6464646464646465,4,8,0.20122137404580154,6.299847328244275,0.5749618320610687,r2plus1d_18_ssv2_full_e10_a100,somethingv2,-0.042137404580152665
0.6565656565656566,4,8,0.20213740458015267,6.3462595419847325,0.5865648854961832,r2plus1d_18_ssv2_full_e10_a100,somethingv2,-0.041221374045801534
0.6666666666666667,4,8,0.20458015267175572,6.386564885496183,0.5966412213740458,r2plus1d_18_ssv2_full_e10_a100,somethingv2,-0.03877862595419848
0.6767676767676768,4,8,0.20458015267175572,6.420763358778626,0.6051908396946565,r2plus1d_18_ssv2_full_e10_a100,somethingv2,-0.03877862595419848
0.686868686868687,4,8,0.20488549618320612,6.451297709923664,0.612824427480916,r2plus1d_18_ssv2_full_e10_a100,somethingv2,-0.038473282442748086
0.696969696969697,4,8,0.20580152671755725,6.484274809160305,0.6210687022900764,r2plus1d_18_ssv2_full_e10_a100,somethingv2,-0.037557251908396955
0.7070707070707072,4,8,0.20793893129770993,6.519694656488549,0.6299236641221374,r2plus1d_18_ssv2_full_e10_a100,somethingv2,-0.03541984732824427
0.7171717171717172,4,8,0.20977099236641222,6.555114503816794,0.6387786259541984,r2plus1d_18_ssv2_full_e10_a100,somethingv2,-0.03358778625954198
0.7272727272727273,4,8,0.21190839694656488,6.595419847328245,0.648854961832061,r2plus1d_18_ssv2_full_e10_a100,somethingv2,-0.03145038167938932
0.7373737373737375,4,8,0.21221374045801528,6.625954198473282,0.6564885496183206,r2plus1d_18_ssv2_full_e10_a100,somethingv2,-0.031145038167938927
0.7474747474747475,4,8,0.21221374045801528,6.64793893129771,0.6619847328244275,r2plus1d_18_ssv2_full_e10_a100,somethingv2,-0.031145038167938927
0.7575757575757577,4,8,0.2134351145038168,6.689465648854962,0.6723664122137405,r2plus1d_18_ssv2_full_e10_a100,somethingv2,-0.0299236641221374
0.7676767676767677,4,8,0.21557251908396946,6.733435114503817,0.6833587786259542,r2plus1d_18_ssv2_full_e10_a100,somethingv2,-0.027786259541984742
0.7777777777777778,4,8,0.21740458015267175,6.778625954198473,0.6946564885496184,r2plus1d_18_ssv2_full_e10_a100,somethingv2,-0.025954198473282453
0.787878787878788,4,8,0.2198473282442748,6.831145038167939,0.7077862595419847,r2plus1d_18_ssv2_full_e10_a100,somethingv2,-0.0235114503816794
0.797979797979798,4,8,0.22045801526717557,6.865343511450382,0.7163358778625954,r2plus1d_18_ssv2_full_e10_a100,somethingv2,-0.022900763358778636
0.8080808080808082,4,8,0.2216793893129771,6.898320610687023,0.7245801526717557,r2plus1d_18_ssv2_full_e10_a100,somethingv2,-0.02167938931297711
0.8181818181818182,4,8,0.22229007633587786,6.934961832061068,0.7337404580152672,r2plus1d_18_ssv2_full_e10_a100,somethingv2,-0.021068702290076347
0.8282828282828284,4,8,0.22412213740458015,6.971603053435114,0.7429007633587786,r2plus1d_18_ssv2_full_e10_a100,somethingv2,-0.019236641221374057
0.8383838383838385,4,8,0.22534351145038167,7.010687022900763,0.7526717557251908,r2plus1d_18_ssv2_full_e10_a100,somethingv2,-0.01801526717557253
0.8484848484848485,4,8,0.22564885496183207,7.048549618320611,0.7621374045801527,r2plus1d_18_ssv2_full_e10_a100,somethingv2,-0.017709923664122135
0.8585858585858587,4,8,0.22625954198473283,7.097404580152672,0.7743511450381679,r2plus1d_18_ssv2_full_e10_a100,somethingv2,-0.01709923664122137
0.8686868686868687,4,8,0.22717557251908396,7.134045801526717,0.7835114503816794,r2plus1d_18_ssv2_full_e10_a100,somethingv2,-0.01618320610687024
0.8787878787878789,4,8,0.22809160305343512,7.178015267175573,0.7945038167938931,r2plus1d_18_ssv2_full_e10_a100,somethingv2,-0.015267175572519082
0.888888888888889,4,8,0.22931297709923665,7.214656488549618,0.8036641221374046,r2plus1d_18_ssv2_full_e10_a100,somethingv2,-0.014045801526717555
0.8989898989898991,4,8,0.2317557251908397,7.268396946564885,0.8170992366412214,r2plus1d_18_ssv2_full_e10_a100,somethingv2,-0.011603053435114502
0.9090909090909092,4,8,0.23297709923664123,7.309923664122137,0.8274809160305343,r2plus1d_18_ssv2_full_e10_a100,somethingv2,-0.010381679389312976
0.9191919191919192,4,8,0.2332824427480916,7.342900763358779,0.8357251908396947,r2plus1d_18_ssv2_full_e10_a100,somethingv2,-0.010076335877862608
0.9292929292929294,4,8,0.23480916030534352,7.396641221374046,0.8491603053435115,r2plus1d_18_ssv2_full_e10_a100,somethingv2,-0.008549618320610686
0.9393939393939394,4,8,0.23541984732824428,7.454045801526718,0.8635114503816794,r2plus1d_18_ssv2_full_e10_a100,somethingv2,-0.007938931297709922
0.9494949494949496,4,8,0.23786259541984733,7.50412213740458,0.8760305343511451,r2plus1d_18_ssv2_full_e10_a100,somethingv2,-0.005496183206106869
0.9595959595959597,4,8,0.23908396946564886,7.561526717557252,0.890381679389313,r2plus1d_18_ssv2_full_e10_a100,somethingv2,-0.004274809160305343
0.9696969696969697,4,8,0.23969465648854962,7.625038167938931,0.9062595419847328,r2plus1d_18_ssv2_full_e10_a100,somethingv2,-0.0036641221374045796
0.9797979797979799,4,8,0.24061068702290075,7.716641221374045,0.9291603053435115,r2plus1d_18_ssv2_full_e10_a100,somethingv2,-0.0027480916030534486
0.98989898989899,4,8,0.24183206106870228,7.793587786259542,0.9483969465648855,r2plus1d_18_ssv2_full_e10_a100,somethingv2,-0.001526717557251922
1.0,4,8,0.2433587786259542,8.0,1.0,r2plus1d_18_ssv2_full_e10_a100,somethingv2,0.0
0.0,4,16,0.12580152671755726,4.0,0.0,r2plus1d_18_ssv2_full_e10_a100,somethingv2,0.0
0.010101010101010102,4,16,0.12580152671755726,4.0,0.0,r2plus1d_18_ssv2_full_e10_a100,somethingv2,0.0
0.020202020202020204,4,16,0.12580152671755726,4.0,0.0,r2plus1d_18_ssv2_full_e10_a100,somethingv2,0.0
0.030303030303030304,4,16,0.12580152671755726,4.0,0.0,r2plus1d_18_ssv2_full_e10_a100,somethingv2,0.0
0.04040404040404041,4,16,0.12580152671755726,4.0,0.0,r2plus1d_18_ssv2_full_e10_a100,somethingv2,0.0
0.05050505050505051,4,16,0.12580152671755726,4.0,0.0,r2plus1d_18_ssv2_full_e10_a100,somethingv2,0.0
0.06060606060606061,4,16,0.12580152671755726,4.0,0.0,r2plus1d_18_ssv2_full_e10_a100,somethingv2,0.0
0.07070707070707072,4,16,0.12580152671755726,4.0,0.0,r2plus1d_18_ssv2_full_e10_a100,somethingv2,0.0
0.08080808080808081,4,16,0.12580152671755726,4.003664122137405,0.0003053435114503817,r2plus1d_18_ssv2_full_e10_a100,somethingv2,0.0
0.09090909090909091,4,16,0.12610687022900763,4.018320610687023,0.0015267175572519084,r2plus1d_18_ssv2_full_e10_a100,somethingv2,0.00030534351145036775
0.10101010101010102,4,16,0.12641221374045802,4.043969465648855,0.00366412213740458,r2plus1d_18_ssv2_full_e10_a100,somethingv2,0.0006106870229007633
0.11111111111111112,4,16,0.12641221374045802,4.0549618320610685,0.004580152671755725,r2plus1d_18_ssv2_full_e10_a100,somethingv2,0.0006106870229007633
0.12121212121212122,4,16,0.12763358778625955,4.08793893129771,0.00732824427480916,r2plus1d_18_ssv2_full_e10_a100,somethingv2,0.0018320610687022898
0.13131313131313133,4,16,0.12854961832061068,4.12824427480916,0.010687022900763359,r2plus1d_18_ssv2_full_e10_a100,somethingv2,0.002748091603053421
0.14141414141414144,4,16,0.13099236641221373,4.1648854961832065,0.013740458015267175,r2plus1d_18_ssv2_full_e10_a100,somethingv2,0.005190839694656474
0.15151515151515152,4,16,0.13282442748091602,4.22351145038168,0.018625954198473283,r2plus1d_18_ssv2_full_e10_a100,somethingv2,0.007022900763358764
0.16161616161616163,4,16,0.13374045801526718,4.267480916030534,0.022290076335877863,r2plus1d_18_ssv2_full_e10_a100,somethingv2,0.007938931297709922
0.17171717171717174,4,16,0.13709923664122137,4.333435114503817,0.027786259541984732,r2plus1d_18_ssv2_full_e10_a100,somethingv2,0.011297709923664107
0.18181818181818182,4,16,0.14076335877862595,4.43969465648855,0.0366412213740458,r2plus1d_18_ssv2_full_e10_a100,somethingv2,0.014961832061068686
0.19191919191919193,4,16,0.143206106870229,4.505648854961832,0.04213740458015267,r2plus1d_18_ssv2_full_e10_a100,somethingv2,0.01740458015267174
0.20202020202020204,4,16,0.14625954198473282,4.61557251908397,0.05129770992366412,r2plus1d_18_ssv2_full_e10_a100,somethingv2,0.020458015267175556
0.21212121212121213,4,16,0.1483969465648855,4.718167938931297,0.05984732824427481,r2plus1d_18_ssv2_full_e10_a100,somethingv2,0.02259541984732824
0.22222222222222224,4,16,0.1499236641221374,4.828091603053435,0.06900763358778626,r2plus1d_18_ssv2_full_e10_a100,somethingv2,0.024122137404580135
0.23232323232323235,4,16,0.15267175572519084,4.949007633587787,0.07908396946564886,r2plus1d_18_ssv2_full_e10_a100,somethingv2,0.026870229007633584
0.24242424242424243,4,16,0.15603053435114503,5.080916030534351,0.0900763358778626,r2plus1d_18_ssv2_full_e10_a100,somethingv2,0.030229007633587768
0.25252525252525254,4,16,0.16,5.242137404580153,0.10351145038167939,r2plus1d_18_ssv2_full_e10_a100,somethingv2,0.03419847328244274
0.26262626262626265,4,16,0.16458015267175571,5.39969465648855,0.1166412213740458,r2plus1d_18_ssv2_full_e10_a100,somethingv2,0.038778625954198453
0.27272727272727276,4,16,0.1685496183206107,5.57557251908397,0.13129770992366413,r2plus1d_18_ssv2_full_e10_a100,somethingv2,0.04274809160305343
0.2828282828282829,4,16,0.17221374045801527,5.70381679389313,0.14198473282442747,r2plus1d_18_ssv2_full_e10_a100,somethingv2,0.04641221374045801
0.29292929292929293,4,16,0.1764885496183206,5.846717557251909,0.15389312977099237,r2plus1d_18_ssv2_full_e10_a100,somethingv2,0.05068702290076335
0.30303030303030304,4,16,0.17893129770992366,5.96030534351145,0.1633587786259542,r2plus1d_18_ssv2_full_e10_a100,somethingv2,0.053129770992366404
0.31313131313131315,4,16,0.18106870229007632,6.081221374045802,0.1734351145038168,r2plus1d_18_ssv2_full_e10_a100,somethingv2,-0.06229007633587788
0.32323232323232326,4,16,0.1880916030534351,6.246106870229007,0.18717557251908398,r2plus1d_18_ssv2_full_e10_a100,somethingv2,-0.05526717557251909
0.33333333333333337,4,16,0.19145038167938933,6.3670229007633585,0.19725190839694656,r2plus1d_18_ssv2_full_e10_a100,somethingv2,-0.05190839694656488
0.3434343434343435,4,16,0.1951145038167939,6.531908396946565,0.21099236641221375,r2plus1d_18_ssv2_full_e10_a100,somethingv2,-0.0482442748091603
0.3535353535353536,4,16,0.19969465648854962,6.696793893129771,0.2247328244274809,r2plus1d_18_ssv2_full_e10_a100,somethingv2,-0.04366412213740459
0.36363636363636365,4,16,0.20305343511450383,6.8690076335877865,0.23908396946564886,r2plus1d_18_ssv2_full_e10_a100,somethingv2,-0.040305343511450376
0.37373737373737376,4,16,0.20732824427480917,7.022900763358779,0.25190839694656486,r2plus1d_18_ssv2_full_e10_a100,somethingv2,-0.03603053435114503
0.38383838383838387,4,16,0.21099236641221375,7.165801526717558,0.2638167938931298,r2plus1d_18_ssv2_full_e10_a100,somethingv2,-0.03236641221374045
0.393939393939394,4,16,0.21404580152671757,7.308702290076336,0.27572519083969466,r2plus1d_18_ssv2_full_e10_a100,somethingv2,-0.029312977099236637
0.4040404040404041,4,16,0.21923664122137404,7.466259541984733,0.28885496183206105,r2plus1d_18_ssv2_full_e10_a100,somethingv2,-0.024122137404580163
0.4141414141414142,4,16,0.2247328244274809,7.634809160305344,0.30290076335877864,r2plus1d_18_ssv2_full_e10_a100,somethingv2,-0.018625954198473293
0.42424242424242425,4,16,0.22961832061068702,7.799694656488549,0.3166412213740458,r2plus1d_18_ssv2_full_e10_a100,somethingv2,-0.013740458015267187
0.43434343434343436,4,16,0.23450381679389312,7.968244274809161,0.33068702290076335,r2plus1d_18_ssv2_full_e10_a100,somethingv2,-0.008854961832061081
0.4444444444444445,4,16,0.2403053435114504,8.195419847328244,0.34961832061068704,r2plus1d_18_ssv2_full_e10_a100,somethingv2,-0.0030534351145038163
0.4545454545454546,4,16,0.24610687022900762,8.36030534351145,0.36335877862595417,r2plus1d_18_ssv2_full_e10_a100,somethingv2,0.002748091603053421
0.4646464646464647,4,16,0.25190839694656486,8.532519083969465,0.37770992366412215,r2plus1d_18_ssv2_full_e10_a100,somethingv2,0.008549618320610658
0.4747474747474748,4,16,0.2549618320610687,8.668091603053435,0.3890076335877863,r2plus1d_18_ssv2_full_e10_a100,somethingv2,0.011603053435114502
0.48484848484848486,4,16,0.25740458015267176,8.796335877862596,0.3996946564885496,r2plus1d_18_ssv2_full_e10_a100,somethingv2,0.014045801526717555
0.494949494949495,4,16,0.2601526717557252,8.924580152671755,0.41038167938931297,r2plus1d_18_ssv2_full_e10_a100,somethingv2,0.016793893129771004
0.5050505050505051,4,16,0.2638167938931298,9.082137404580152,0.42351145038167937,r2plus1d_18_ssv2_full_e10_a100,somethingv2,0.020458015267175583
0.5151515151515152,4,16,0.2677862595419847,9.236030534351144,0.4363358778625954,r2plus1d_18_ssv2_full_e10_a100,somethingv2,0.024427480916030503
0.5252525252525253,4,16,0.27022900763358776,9.331297709923664,0.4442748091603053,r2plus1d_18_ssv2_full_e10_a100,somethingv2,0.026870229007633556
0.5353535353535354,4,16,0.2732824427480916,9.477862595419847,0.45648854961832064,r2plus1d_18_ssv2_full_e10_a100,somethingv2,0.0299236641221374
0.5454545454545455,4,16,0.2769465648854962,9.613435114503817,0.4677862595419847,r2plus1d_18_ssv2_full_e10_a100,somethingv2,0.03358778625954198
0.5555555555555556,4,16,0.2818320610687023,9.738015267175573,0.4781679389312977,r2plus1d_18_ssv2_full_e10_a100,somethingv2,0.038473282442748086
0.5656565656565657,4,16,0.28488549618320613,9.851603053435115,0.48763358778625954,r2plus1d_18_ssv2_full_e10_a100,somethingv2,0.04152671755725193
0.5757575757575758,4,16,0.2879389312977099,9.965190839694657,0.49709923664122135,r2plus1d_18_ssv2_full_e10_a100,somethingv2,0.04458015267175572
0.5858585858585859,4,16,0.2912977099236641,10.067786259541984,0.5056488549618321,r2plus1d_18_ssv2_full_e10_a100,somethingv2,0.0479389312977099
0.595959595959596,4,16,0.292824427480916,10.19236641221374,0.516030534351145,r2plus1d_18_ssv2_full_e10_a100,somethingv2,0.049465648854961825
0.6060606060606061,4,16,0.29435114503816795,10.298625954198473,0.5248854961832061,r2plus1d_18_ssv2_full_e10_a100,somethingv2,0.05099236641221375
0.6161616161616162,4,16,0.2998473282442748,10.459847328244274,0.5383206106870229,r2plus1d_18_ssv2_full_e10_a100,somethingv2,0.05648854961832059
0.6262626262626263,4,16,0.30259541984732824,10.57709923664122,0.5480916030534351,r2plus1d_18_ssv2_full_e10_a100,somethingv2,0.05923664122137404
0.6363636363636365,4,16,0.3059541984732824,10.701679389312977,0.5584732824427481,r2plus1d_18_ssv2_full_e10_a100,somethingv2,0.06259541984732822
0.6464646464646465,4,16,0.3102290076335878,10.899541984732824,0.5749618320610687,r2plus1d_18_ssv2_full_e10_a100,somethingv2,0.06687022900763359
0.6565656565656566,4,16,0.3132824427480916,11.0387786259542,0.5865648854961832,r2plus1d_18_ssv2_full_e10_a100,somethingv2,0.06992366412213738
0.6666666666666667,4,16,0.3166412213740458,11.159694656488549,0.5966412213740458,r2plus1d_18_ssv2_full_e10_a100,somethingv2,0.07328244274809162
0.6767676767676768,4,16,0.3196946564885496,11.262290076335878,0.6051908396946565,r2plus1d_18_ssv2_full_e10_a100,somethingv2,0.07633587786259541
0.686868686868687,4,16,0.32213740458015266,11.353893129770992,0.612824427480916,r2plus1d_18_ssv2_full_e10_a100,somethingv2,0.07877862595419846
0.696969696969697,4,16,0.3233587786259542,11.452824427480916,0.6210687022900764,r2plus1d_18_ssv2_full_e10_a100,somethingv2,0.07999999999999999
0.7070707070707072,4,16,0.32732824427480917,11.559083969465648,0.6299236641221374,r2plus1d_18_ssv2_full_e10_a100,somethingv2,0.08396946564885496
0.7171717171717172,4,16,0.33038167938931295,11.665343511450383,0.6387786259541984,r2plus1d_18_ssv2_full_e10_a100,somethingv2,0.08702290076335875
0.7272727272727273,4,16,0.33618320610687025,11.786259541984732,0.648854961832061,r2plus1d_18_ssv2_full_e10_a100,somethingv2,0.09282442748091604
0.7373737373737375,4,16,0.3370992366412214,11.877862595419847,0.6564885496183206,r2plus1d_18_ssv2_full_e10_a100,somethingv2,0.09374045801526718
0.7474747474747475,4,16,0.3374045801526718,11.943816793893129,0.6619847328244275,r2plus1d_18_ssv2_full_e10_a100,somethingv2,0.09404580152671757
0.7575757575757577,4,16,0.343206106870229,12.068396946564885,0.6723664122137405,r2plus1d_18_ssv2_full_e10_a100,somethingv2,-0.08244274809160307
0.7676767676767677,4,16,0.34534351145038167,12.20030534351145,0.6833587786259542,r2plus1d_18_ssv2_full_e10_a100,somethingv2,-0.08030534351145041
0.7777777777777778,4,16,0.34931297709923664,12.335877862595419,0.6946564885496184,r2plus1d_18_ssv2_full_e10_a100,somethingv2,-0.07633587786259544
0.787878787878788,4,16,0.3532824427480916,12.493435114503816,0.7077862595419847,r2plus1d_18_ssv2_full_e10_a100,somethingv2,-0.07236641221374046
0.797979797979798,4,16,0.3563358778625954,12.596030534351145,0.7163358778625954,r2plus1d_18_ssv2_full_e10_a100,somethingv2,-0.06931297709923667
0.8080808080808082,4,16,0.35847328244274806,12.694961832061068,0.7245801526717557,r2plus1d_18_ssv2_full_e10_a100,somethingv2,-0.06717557251908401
0.8181818181818182,4,16,0.3606106870229008,12.804885496183205,0.7337404580152672,r2plus1d_18_ssv2_full_e10_a100,somethingv2,-0.0650381679389313
0.8282828282828284,4,16,0.36458015267175575,12.914809160305344,0.7429007633587786,r2plus1d_18_ssv2_full_e10_a100,somethingv2,-0.06106870229007633
0.8383838383838385,4,16,0.366412213740458,13.03206106870229,0.7526717557251908,r2plus1d_18_ssv2_full_e10_a100,somethingv2,-0.059236641221374065
0.8484848484848485,4,16,0.3685496183206107,13.145648854961832,0.7621374045801527,r2plus1d_18_ssv2_full_e10_a100,somethingv2,-0.05709923664122141
0.8585858585858587,4,16,0.3712977099236641,13.292213740458015,0.7743511450381679,r2plus1d_18_ssv2_full_e10_a100,somethingv2,-0.05435114503816796
0.8686868686868687,4,16,0.3734351145038168,13.402137404580152,0.7835114503816794,r2plus1d_18_ssv2_full_e10_a100,somethingv2,-0.0522137404580153
0.8787878787878789,4,16,0.37740458015267175,13.534045801526718,0.7945038167938931,r2plus1d_18_ssv2_full_e10_a100,somethingv2,-0.048244274809160326
0.888888888888889,4,16,0.3804580152671756,13.643969465648855,0.8036641221374046,r2plus1d_18_ssv2_full_e10_a100,somethingv2,-0.04519083969465648
0.8989898989898991,4,16,0.3850381679389313,13.805190839694657,0.8170992366412214,r2plus1d_18_ssv2_full_e10_a100,somethingv2,-0.04061068702290077
0.9090909090909092,4,16,0.3883969465648855,13.929770992366413,0.8274809160305343,r2plus1d_18_ssv2_full_e10_a100,somethingv2,-0.03725190839694659
0.9191919191919192,4,16,0.3917557251908397,14.028702290076335,0.8357251908396947,r2plus1d_18_ssv2_full_e10_a100,somethingv2,-0.0338931297709924
0.9292929292929294,4,16,0.3948091603053435,14.189923664122137,0.8491603053435115,r2plus1d_18_ssv2_full_e10_a100,somethingv2,-0.03083969465648856
0.9393939393939394,4,16,0.3966412213740458,14.362137404580153,0.8635114503816794,r2plus1d_18_ssv2_full_e10_a100,somethingv2,-0.029007633587786297
0.9494949494949496,4,16,0.4021374045801527,14.51236641221374,0.8760305343511451,r2plus1d_18_ssv2_full_e10_a100,somethingv2,-0.0235114503816794
0.9595959595959597,4,16,0.40610687022900765,14.684580152671757,0.890381679389313,r2plus1d_18_ssv2_full_e10_a100,somethingv2,-0.019541984732824424
0.9696969696969697,4,16,0.4082442748091603,14.875114503816794,0.9062595419847328,r2plus1d_18_ssv2_full_e10_a100,somethingv2,-0.017404580152671767
0.9797979797979799,4,16,0.4125190839694656,15.149923664122138,0.9291603053435115,r2plus1d_18_ssv2_full_e10_a100,somethingv2,-0.013129770992366452
0.98989898989899,4,16,0.416793893129771,15.380763358778626,0.9483969465648855,r2plus1d_18_ssv2_full_e10_a100,somethingv2,-0.008854961832061081
1.0,4,16,0.4256488549618321,16.0,1.0,r2plus1d_18_ssv2_full_e10_a100,somethingv2,0.0
0.0,4,32,0.12580152671755726,4.0,0.0,r2plus1d_18_ssv2_full_e10_a100,somethingv2,0.0
0.010101010101010102,4,32,0.12580152671755726,4.0,0.0,r2plus1d_18_ssv2_full_e10_a100,somethingv2,0.0
0.020202020202020204,4,32,0.12580152671755726,4.0,0.0,r2plus1d_18_ssv2_full_e10_a100,somethingv2,0.0
0.030303030303030304,4,32,0.12580152671755726,4.0,0.0,r2plus1d_18_ssv2_full_e10_a100,somethingv2,0.0
0.04040404040404041,4,32,0.12580152671755726,4.0,0.0,r2plus1d_18_ssv2_full_e10_a100,somethingv2,0.0
0.05050505050505051,4,32,0.12580152671755726,4.0,0.0,r2plus1d_18_ssv2_full_e10_a100,somethingv2,0.0
0.06060606060606061,4,32,0.12580152671755726,4.0,0.0,r2plus1d_18_ssv2_full_e10_a100,somethingv2,0.0
0.07070707070707072,4,32,0.12580152671755726,4.0,0.0,r2plus1d_18_ssv2_full_e10_a100,somethingv2,0.0
0.08080808080808081,4,32,0.12610687022900763,4.008549618320611,0.0003053435114503817,r2plus1d_18_ssv2_full_e10_a100,somethingv2,0.00030534351145036775
0.09090909090909091,4,32,0.12641221374045802,4.042748091603054,0.0015267175572519084,r2plus1d_18_ssv2_full_e10_a100,somethingv2,0.0006106870229007633
0.10101010101010102,4,32,0.1270229007633588,4.1025954198473285,0.00366412213740458,r2plus1d_18_ssv2_full_e10_a100,somethingv2,0.0012213740458015265
0.11111111111111112,4,32,0.1270229007633588,4.12824427480916,0.004580152671755725,r2plus1d_18_ssv2_full_e10_a100,somethingv2,0.0012213740458015265
0.12121212121212122,4,32,0.12793893129770992,4.205190839694657,0.00732824427480916,r2plus1d_18_ssv2_full_e10_a100,somethingv2,0.0021374045801526576
0.13131313131313133,4,32,0.12885496183206108,4.299236641221374,0.010687022900763359,r2plus1d_18_ssv2_full_e10_a100,somethingv2,0.0030534351145038163
0.14141414141414144,4,32,0.13129770992366413,4.384732824427481,0.013740458015267175,r2plus1d_18_ssv2_full_e10_a100,somethingv2,0.005496183206106869
0.15151515151515152,4,32,0.1334351145038168,4.5215267175572516,0.018625954198473283,r2plus1d_18_ssv2_full_e10_a100,somethingv2,0.007633587786259527
0.16161616161616163,4,32,0.13435114503816795,4.62412213740458,0.022290076335877863,r2plus1d_18_ssv2_full_e10_a100,somethingv2,0.008549618320610686
0.17171717171717174,4,32,0.13709923664122137,4.778015267175572,0.027786259541984732,r2plus1d_18_ssv2_full_e10_a100,somethingv2,0.011297709923664107
0.18181818181818182,4,32,0.14045801526717558,5.025954198473283,0.0366412213740458,r2plus1d_18_ssv2_full_e10_a100,somethingv2,0.014656488549618318
0.19191919191919193,4,32,0.143206106870229,5.179847328244275,0.04213740458015267,r2plus1d_18_ssv2_full_e10_a100,somethingv2,0.01740458015267174
0.20202020202020204,4,32,0.14564885496183205,5.436335877862596,0.05129770992366412,r2plus1d_18_ssv2_full_e10_a100,somethingv2,0.019847328244274792
0.21212121212121213,4,32,0.14748091603053434,5.675725190839695,0.05984732824427481,r2plus1d_18_ssv2_full_e10_a100,somethingv2,0.021679389312977082
0.22222222222222224,4,32,0.14931297709923663,5.932213740458015,0.06900763358778626,r2plus1d_18_ssv2_full_e10_a100,somethingv2,0.023511450381679372
0.23232323232323235,4,32,0.15145038167938932,6.214351145038168,0.07908396946564886,r2plus1d_18_ssv2_full_e10_a100,somethingv2,-0.09190839694656489
0.24242424242424243,4,32,0.1551145038167939,6.522137404580152,0.0900763358778626,r2plus1d_18_ssv2_full_e10_a100,somethingv2,-0.0882442748091603
0.25252525252525254,4,32,0.1596946564885496,6.898320610687023,0.10351145038167939,r2plus1d_18_ssv2_full_e10_a100,somethingv2,-0.0836641221374046
0.26262626262626265,4,32,0.16458015267175571,7.265954198473282,0.1166412213740458,r2plus1d_18_ssv2_full_e10_a100,somethingv2,-0.07877862595419849
0.27272727272727276,4,32,0.1682442748091603,7.676335877862596,0.13129770992366413,r2plus1d_18_ssv2_full_e10_a100,somethingv2,-0.07511450381679391
0.2828282828282829,4,32,0.17190839694656487,7.975572519083969,0.14198473282442747,r2plus1d_18_ssv2_full_e10_a100,somethingv2,-0.07145038167938933
0.29292929292929293,4,32,0.17557251908396945,8.309007633587786,0.15389312977099237,r2plus1d_18_ssv2_full_e10_a100,somethingv2,-0.06778625954198475
0.30303030303030304,4,32,0.17770992366412214,8.574045801526717,0.1633587786259542,r2plus1d_18_ssv2_full_e10_a100,somethingv2,-0.06564885496183206
0.31313131313131315,4,32,0.18045801526717556,8.85618320610687,0.1734351145038168,r2plus1d_18_ssv2_full_e10_a100,somethingv2,-0.06290076335877864
0.32323232323232326,4,32,0.1868702290076336,9.24091603053435,0.18717557251908398,r2plus1d_18_ssv2_full_e10_a100,somethingv2,-0.056488549618320616
0.33333333333333337,4,32,0.18961832061068704,9.523053435114504,0.19725190839694656,r2plus1d_18_ssv2_full_e10_a100,somethingv2,-0.05374045801526717
0.3434343434343435,4,32,0.19328244274809162,9.907786259541984,0.21099236641221375,r2plus1d_18_ssv2_full_e10_a100,somethingv2,-0.05007633587786259
0.3535353535353536,4,32,0.19786259541984733,10.292519083969466,0.2247328244274809,r2plus1d_18_ssv2_full_e10_a100,somethingv2,-0.04549618320610688
0.36363636363636365,4,32,0.20122137404580154,10.694351145038167,0.23908396946564886,r2plus1d_18_ssv2_full_e10_a100,somethingv2,-0.042137404580152665
0.37373737373737376,4,32,0.20519083969465648,11.053435114503817,0.25190839694656486,r2plus1d_18_ssv2_full_e10_a100,somethingv2,-0.03816793893129772
0.38383838383838387,4,32,0.20916030534351146,11.386870229007634,0.2638167938931298,r2plus1d_18_ssv2_full_e10_a100,somethingv2,-0.03419847328244274
0.393939393939394,4,32,0.2116030534351145,11.72030534351145,0.27572519083969466,r2plus1d_18_ssv2_full_e10_a100,somethingv2,-0.03175572519083969
0.4040404040404041,4,32,0.21740458015267175,12.08793893129771,0.28885496183206105,r2plus1d_18_ssv2_full_e10_a100,somethingv2,-0.20824427480916033
0.4141414141414142,4,32,0.22290076335877862,12.481221374045802,0.30290076335877864,r2plus1d_18_ssv2_full_e10_a100,somethingv2,-0.20274809160305346
0.42424242424242425,4,32,0.22809160305343512,12.865954198473283,0.3166412213740458,r2plus1d_18_ssv2_full_e10_a100,somethingv2,-0.19755725190839696
0.43434343434343436,4,32,0.23267175572519083,13.259236641221374,0.33068702290076335,r2plus1d_18_ssv2_full_e10_a100,somethingv2,-0.19297709923664125
0.4444444444444445,4,32,0.2384732824427481,13.789312977099236,0.34961832061068704,r2plus1d_18_ssv2_full_e10_a100,somethingv2,-0.18717557251908398
0.4545454545454546,4,32,0.24396946564885497,14.174045801526718,0.36335877862595417,r2plus1d_18_ssv2_full_e10_a100,somethingv2,-0.1816793893129771
0.4646464646464647,4,32,0.2497709923664122,14.57587786259542,0.37770992366412215,r2plus1d_18_ssv2_full_e10_a100,somethingv2,-0.17587786259541988
0.4747474747474748,4,32,0.2534351145038168,14.892213740458015,0.3890076335877863,r2plus1d_18_ssv2_full_e10_a100,somethingv2,-0.1722137404580153
0.48484848484848486,4,32,0.2564885496183206,15.19145038167939,0.3996946564885496,r2plus1d_18_ssv2_full_e10_a100,somethingv2,-0.16916030534351145
0.494949494949495,4,32,0.2598473282442748,15.490687022900763,0.41038167938931297,r2plus1d_18_ssv2_full_e10_a100,somethingv2,-0.16580152671755727
0.5050505050505051,4,32,0.2635114503816794,15.858320610687024,0.42351145038167937,r2plus1d_18_ssv2_full_e10_a100,somethingv2,-0.1621374045801527
0.5151515151515152,4,32,0.26748091603053437,16.21740458015267,0.4363358778625954,r2plus1d_18_ssv2_full_e10_a100,somethingv2,-0.1581679389312977
0.5252525252525253,4,32,0.26931297709923663,16.439694656488548,0.4442748091603053,r2plus1d_18_ssv2_full_e10_a100,somethingv2,-0.15633587786259545
0.5353535353535354,4,32,0.2720610687022901,16.781679389312977,0.45648854961832064,r2plus1d_18_ssv2_full_e10_a100,somethingv2,-0.153587786259542
0.5454545454545455,4,32,0.27572519083969466,17.098015267175573,0.4677862595419847,r2plus1d_18_ssv2_full_e10_a100,somethingv2,-0.14992366412213742
0.5555555555555556,4,32,0.28030534351145037,17.388702290076335,0.4781679389312977,r2plus1d_18_ssv2_full_e10_a100,somethingv2,-0.1453435114503817
0.5656565656565657,4,32,0.2824427480916031,17.653740458015267,0.48763358778625954,r2plus1d_18_ssv2_full_e10_a100,somethingv2,-0.143206106870229
0.5757575757575758,4,32,0.28549618320610687,17.9187786259542,0.49709923664122135,r2plus1d_18_ssv2_full_e10_a100,somethingv2,-0.1401526717557252
0.5858585858585859,4,32,0.28946564885496184,18.158167938931296,0.5056488549618321,r2plus1d_18_ssv2_full_e10_a100,somethingv2,-0.13618320610687024
0.595959595959596,4,32,0.29099236641221377,18.448854961832062,0.516030534351145,r2plus1d_18_ssv2_full_e10_a100,somethingv2,-0.13465648854961831
0.6060606060606061,4,32,0.29251908396946563,18.696793893129772,0.5248854961832061,r2plus1d_18_ssv2_full_e10_a100,somethingv2,-0.13312977099236645
0.6161616161616162,4,32,0.29770992366412213,19.072977099236642,0.5383206106870229,r2plus1d_18_ssv2_full_e10_a100,somethingv2,-0.12793893129770995
0.6262626262626263,4,32,0.3004580152671756,19.346564885496182,0.5480916030534351,r2plus1d_18_ssv2_full_e10_a100,somethingv2,-0.1251908396946565
0.6363636363636365,4,32,0.30351145038167937,19.637251908396948,0.5584732824427481,r2plus1d_18_ssv2_full_e10_a100,somethingv2,-0.12213740458015271
0.6464646464646465,4,32,0.30748091603053435,20.098931297709925,0.5749618320610687,r2plus1d_18_ssv2_full_e10_a100,somethingv2,-0.11816793893129773
0.6565656565656566,4,32,0.3105343511450382,20.42381679389313,0.5865648854961832,r2plus1d_18_ssv2_full_e10_a100,somethingv2,-0.11511450381679389
0.6666666666666667,4,32,0.31419847328244277,20.705954198473282,0.5966412213740458,r2plus1d_18_ssv2_full_e10_a100,somethingv2,-0.11145038167938931
0.6767676767676768,4,32,0.31755725190839695,20.945343511450382,0.6051908396946565,r2plus1d_18_ssv2_full_e10_a100,somethingv2,-0.10809160305343513
0.686868686868687,4,32,0.3196946564885496,21.159083969465648,0.612824427480916,r2plus1d_18_ssv2_full_e10_a100,somethingv2,-0.10595419847328247
0.696969696969697,4,32,0.32091603053435114,21.389923664122136,0.6210687022900764,r2plus1d_18_ssv2_full_e10_a100,somethingv2,-0.10473282442748094
0.7070707070707072,4,32,0.3233587786259542,21.637862595419847,0.6299236641221374,r2plus1d_18_ssv2_full_e10_a100,somethingv2,-0.10229007633587789
0.7171717171717172,4,32,0.32732824427480917,21.885801526717557,0.6387786259541984,r2plus1d_18_ssv2_full_e10_a100,somethingv2,-0.09832061068702291
0.7272727272727273,4,32,0.332824427480916,22.16793893129771,0.648854961832061,r2plus1d_18_ssv2_full_e10_a100,somethingv2,-0.09282442748091607
0.7373737373737375,4,32,0.3337404580152672,22.38167938931298,0.6564885496183206,r2plus1d_18_ssv2_full_e10_a100,somethingv2,-0.09190839694656489
0.7474747474747475,4,32,0.33435114503816793,22.53557251908397,0.6619847328244275,r2plus1d_18_ssv2_full_e10_a100,somethingv2,-0.09129770992366415
0.7575757575757577,4,32,0.33954198473282443,22.826259541984733,0.6723664122137405,r2plus1d_18_ssv2_full_e10_a100,somethingv2,-0.08610687022900765
0.7676767676767677,4,32,0.3419847328244275,23.134045801526717,0.6833587786259542,r2plus1d_18_ssv2_full_e10_a100,somethingv2,-0.0836641221374046
0.7777777777777778,4,32,0.34442748091603054,23.450381679389313,0.6946564885496184,r2plus1d_18_ssv2_full_e10_a100,somethingv2,-0.08122137404580154
0.787878787878788,4,32,0.3483969465648855,23.81801526717557,0.7077862595419847,r2plus1d_18_ssv2_full_e10_a100,somethingv2,-0.07725190839694657
0.797979797979798,4,32,0.3511450381679389,24.05740458015267,0.7163358778625954,r2plus1d_18_ssv2_full_e10_a100,somethingv2,-0.0702290076335878
0.8080808080808082,4,32,0.3532824427480916,24.28824427480916,0.7245801526717557,r2plus1d_18_ssv2_full_e10_a100,somethingv2,-0.06809160305343509
0.8181818181818182,4,32,0.3563358778625954,24.54473282442748,0.7337404580152672,r2plus1d_18_ssv2_full_e10_a100,somethingv2,-0.0650381679389313
0.8282828282828284,4,32,0.3606106870229008,24.801221374045802,0.7429007633587786,r2plus1d_18_ssv2_full_e10_a100,somethingv2,-0.06076335877862593
0.8383838383838385,4,32,0.36244274809160304,25.074809160305342,0.7526717557251908,r2plus1d_18_ssv2_full_e10_a100,somethingv2,-0.05893129770992367
0.8484848484848485,4,32,0.36427480916030536,25.339847328244275,0.7621374045801527,r2plus1d_18_ssv2_full_e10_a100,somethingv2,-0.05709923664122135
0.8585858585858587,4,32,0.366412213740458,25.681832061068704,0.7743511450381679,r2plus1d_18_ssv2_full_e10_a100,somethingv2,-0.054961832061068694
0.8686868686868687,4,32,0.36824427480916033,25.938320610687022,0.7835114503816794,r2plus1d_18_ssv2_full_e10_a100,somethingv2,-0.053129770992366376
0.8787878787878789,4,32,0.3719083969465649,26.246106870229006,0.7945038167938931,r2plus1d_18_ssv2_full_e10_a100,somethingv2,-0.0494656488549618
0.888888888888889,4,32,0.3746564885496183,26.502595419847328,0.8036641221374046,r2plus1d_18_ssv2_full_e10_a100,somethingv2,-0.046717557251908404
0.8989898989898991,4,32,0.37801526717557254,26.878778625954197,0.8170992366412214,r2plus1d_18_ssv2_full_e10_a100,somethingv2,-0.043358778625954164
0.9090909090909092,4,32,0.3804580152671756,27.169465648854963,0.8274809160305343,r2plus1d_18_ssv2_full_e10_a100,somethingv2,-0.04091603053435111
0.9191919191919192,4,32,0.38259541984732826,27.40030534351145,0.8357251908396947,r2plus1d_18_ssv2_full_e10_a100,somethingv2,-0.038778625954198453
0.9292929292929294,4,32,0.38625954198473283,27.77648854961832,0.8491603053435115,r2plus1d_18_ssv2_full_e10_a100,somethingv2,-0.035114503816793874
0.9393939393939394,4,32,0.3890076335877863,28.178320610687024,0.8635114503816794,r2plus1d_18_ssv2_full_e10_a100,somethingv2,-0.032366412213740425
0.9494949494949496,4,32,0.3948091603053435,28.52885496183206,0.8760305343511451,r2plus1d_18_ssv2_full_e10_a100,somethingv2,-0.026564885496183188
0.9595959595959597,4,32,0.3996946564885496,28.930687022900763,0.890381679389313,r2plus1d_18_ssv2_full_e10_a100,somethingv2,-0.021679389312977082
0.9696969696969697,4,32,0.4024427480916031,29.375267175572517,0.9062595419847328,r2plus1d_18_ssv2_full_e10_a100,somethingv2,-0.018931297709923633
0.9797979797979799,4,32,0.40580152671755726,30.01648854961832,0.9291603053435115,r2plus1d_18_ssv2_full_e10_a100,somethingv2,-0.01557251908396945
0.98989898989899,4,32,0.41099236641221376,30.555114503816792,0.9483969465648855,r2plus1d_18_ssv2_full_e10_a100,somethingv2,-0.010381679389312948
1.0,4,32,0.4213740458015267,32.0,1.0,r2plus1d_18_ssv2_full_e10_a100,somethingv2,0.0
0.0,8,16,0.2433587786259542,8.0,0.0,r2plus1d_18_ssv2_full_e10_a100,somethingv2,0.0
0.010101010101010102,8,16,0.2433587786259542,8.0,0.0,r2plus1d_18_ssv2_full_e10_a100,somethingv2,0.0
0.020202020202020204,8,16,0.2433587786259542,8.0,0.0,r2plus1d_18_ssv2_full_e10_a100,somethingv2,0.0
0.030303030303030304,8,16,0.2433587786259542,8.0,0.0,r2plus1d_18_ssv2_full_e10_a100,somethingv2,0.0
0.04040404040404041,8,16,0.2433587786259542,8.0,0.0,r2plus1d_18_ssv2_full_e10_a100,somethingv2,0.0
0.05050505050505051,8,16,0.2433587786259542,8.0,0.0,r2plus1d_18_ssv2_full_e10_a100,somethingv2,0.0
0.06060606060606061,8,16,0.2433587786259542,8.0,0.0,r2plus1d_18_ssv2_full_e10_a100,somethingv2,0.0
0.07070707070707072,8,16,0.2433587786259542,8.0,0.0,r2plus1d_18_ssv2_full_e10_a100,somethingv2,0.0
0.08080808080808081,8,16,0.2433587786259542,8.002442748091603,0.0003053435114503817,r2plus1d_18_ssv2_full_e10_a100,somethingv2,0.0
0.09090909090909091,8,16,0.2433587786259542,8.002442748091603,0.0003053435114503817,r2plus1d_18_ssv2_full_e10_a100,somethingv2,0.0
0.10101010101010102,8,16,0.2433587786259542,8.004885496183206,0.0006106870229007634,r2plus1d_18_ssv2_full_e10_a100,somethingv2,0.0
0.11111111111111112,8,16,0.2433587786259542,8.014656488549619,0.00183206106870229,r2plus1d_18_ssv2_full_e10_a100,somethingv2,0.0
0.12121212121212122,8,16,0.2433587786259542,8.029312977099236,0.00366412213740458,r2plus1d_18_ssv2_full_e10_a100,somethingv2,0.0
0.13131313131313133,8,16,0.24396946564885497,8.036641221374046,0.004580152671755725,r2plus1d_18_ssv2_full_e10_a100,somethingv2,0.0006106870229007633
0.14141414141414144,8,16,0.24458015267175573,8.058625954198474,0.00732824427480916,r2plus1d_18_ssv2_full_e10_a100,somethingv2,0.0012213740458015265
0.15151515151515152,8,16,0.2451908396946565,8.0806106870229,0.010076335877862596,r2plus1d_18_ssv2_full_e10_a100,somethingv2,0.0018320610687022898
0.16161616161616163,8,16,0.24702290076335878,8.107480916030534,0.013435114503816794,r2plus1d_18_ssv2_full_e10_a100,somethingv2,0.0036641221374045796
0.17171717171717174,8,16,0.2479389312977099,8.158778625954199,0.01984732824427481,r2plus1d_18_ssv2_full_e10_a100,somethingv2,0.004580152671755711
0.18181818181818182,8,16,0.250381679389313,8.20030534351145,0.025038167938931297,r2plus1d_18_ssv2_full_e10_a100,somethingv2,0.007022900763358791
0.19191919191919193,8,16,0.2516030534351145,8.266259541984732,0.033282442748091605,r2plus1d_18_ssv2_full_e10_a100,somethingv2,0.008244274809160318
0.20202020202020204,8,16,0.25221374045801526,8.307786259541984,0.03847328244274809,r2plus1d_18_ssv2_full_e10_a100,somethingv2,0.008854961832061053
0.21212121212121213,8,16,0.2540458015267176,8.35908396946565,0.04488549618320611,r2plus1d_18_ssv2_full_e10_a100,somethingv2,0.010687022900763371
0.22222222222222224,8,16,0.2552671755725191,8.422595419847328,0.05282442748091603,r2plus1d_18_ssv2_full_e10_a100,somethingv2,0.011908396946564898
0.23232323232323235,8,16,0.25770992366412215,8.483664122137405,0.06045801526717557,r2plus1d_18_ssv2_full_e10_a100,somethingv2,0.01435114503816795
0.24242424242424243,8,16,0.26045801526717555,8.554503816793893,0.06931297709923664,r2plus1d_18_ssv2_full_e10_a100,somethingv2,0.017099236641221344
0.25252525252525254,8,16,0.263206106870229,8.598473282442749,0.07480916030534351,r2plus1d_18_ssv2_full_e10_a100,somethingv2,0.019847328244274792
0.26262626262626265,8,16,0.2650381679389313,8.654656488549618,0.08183206106870229,r2plus1d_18_ssv2_full_e10_a100,somethingv2,0.02167938931297711
0.27272727272727276,8,16,0.2683969465648855,8.72793893129771,0.09099236641221374,r2plus1d_18_ssv2_full_e10_a100,somethingv2,0.025038167938931294
0.2828282828282829,8,16,0.2714503816793893,8.828091603053435,0.10351145038167939,r2plus1d_18_ssv2_full_e10_a100,somethingv2,0.028091603053435082
0.29292929292929293,8,16,0.27450381679389313,8.942900763358779,0.11786259541984732,r2plus1d_18_ssv2_full_e10_a100,somethingv2,0.031145038167938927
0.30303030303030304,8,16,0.2778625954198473,9.030839694656489,0.12885496183206108,r2plus1d_18_ssv2_full_e10_a100,somethingv2,0.03450381679389311
0.31313131313131315,8,16,0.27938931297709924,9.106564885496184,0.1383206106870229,r2plus1d_18_ssv2_full_e10_a100,somethingv2,0.03603053435114503
0.32323232323232326,8,16,0.28122137404580155,9.179847328244275,0.14748091603053434,r2plus1d_18_ssv2_full_e10_a100,somethingv2,0.03786259541984735
0.33333333333333337,8,16,0.2827480916030534,9.245801526717557,0.15572519083969466,r2plus1d_18_ssv2_full_e10_a100,somethingv2,0.03938931297709922
0.3434343434343435,8,16,0.28458015267175574,9.32885496183206,0.16610687022900764,r2plus1d_18_ssv2_full_e10_a100,somethingv2,0.041221374045801534
0.3535353535353536,8,16,0.2885496183206107,9.416793893129771,0.17709923664122137,r2plus1d_18_ssv2_full_e10_a100,somethingv2,0.04519083969465651
0.36363636363636365,8,16,0.290381679389313,9.477862595419847,0.18473282442748093,r2plus1d_18_ssv2_full_e10_a100,somethingv2,0.04702290076335877
0.37373737373737376,8,16,0.29374045801526716,9.56824427480916,0.19603053435114504,r2plus1d_18_ssv2_full_e10_a100,somethingv2,0.050381679389312956
0.38383838383838387,8,16,0.2961832061068702,9.65618320610687,0.20702290076335877,r2plus1d_18_ssv2_full_e10_a100,somethingv2,0.05282442748091601
0.393939393939394,8,16,0.29862595419847326,9.758778625954198,0.2198473282442748,r2plus1d_18_ssv2_full_e10_a100,somethingv2,0.05526717557251906
0.4040404040404041,8,16,0.30229007633587784,9.846717557251909,0.23083969465648854,r2plus1d_18_ssv2_full_e10_a100,somethingv2,0.05893129770992364
0.4141414141414142,8,16,0.30351145038167937,9.941984732824427,0.24274809160305344,r2plus1d_18_ssv2_full_e10_a100,somethingv2,0.06015267175572517
0.42424242424242425,8,16,0.3053435114503817,10.01526717557252,0.25190839694656486,r2plus1d_18_ssv2_full_e10_a100,somethingv2,0.061984732824427485
0.43434343434343436,8,16,0.3087022900763359,10.100763358778625,0.26259541984732826,r2plus1d_18_ssv2_full_e10_a100,somethingv2,0.06534351145038167
0.4444444444444445,8,16,0.31083969465648853,10.174045801526718,0.2717557251908397,r2plus1d_18_ssv2_full_e10_a100,somethingv2,0.06748091603053433
0.4545454545454546,8,16,0.3117557251908397,10.276641221374046,0.28458015267175574,r2plus1d_18_ssv2_full_e10_a100,somethingv2,0.06839694656488551
0.4646464646464647,8,16,0.3132824427480916,10.35969465648855,0.2949618320610687,r2plus1d_18_ssv2_full_e10_a100,somethingv2,0.06992366412213738
0.4747474747474748,8,16,0.31603053435114503,10.454961832061068,0.3068702290076336,r2plus1d_18_ssv2_full_e10_a100,somethingv2,0.07267175572519083
0.48484848484848486,8,16,0.3187786259541985,10.574656488549618,0.32183206106870227,r2plus1d_18_ssv2_full_e10_a100,somethingv2,0.07541984732824428
0.494949494949495,8,16,0.32122137404580153,10.640610687022901,0.3300763358778626,r2plus1d_18_ssv2_full_e10_a100,somethingv2,0.07786259541984733
0.5050505050505051,8,16,0.3245801526717557,10.709007633587786,0.3386259541984733,r2plus1d_18_ssv2_full_e10_a100,somethingv2,0.08122137404580151
0.5151515151515152,8,16,0.32702290076335877,10.814045801526717,0.3517557251908397,r2plus1d_18_ssv2_full_e10_a100,somethingv2,0.08366412213740457
0.5252525252525253,8,16,0.33099236641221375,10.914198473282443,0.36427480916030536,r2plus1d_18_ssv2_full_e10_a100,somethingv2,0.08763358778625954
0.5353535353535354,8,16,0.33404580152671753,10.99969465648855,0.3749618320610687,r2plus1d_18_ssv2_full_e10_a100,somethingv2,0.09068702290076333
0.5454545454545455,8,16,0.3370992366412214,11.08030534351145,0.3850381679389313,r2plus1d_18_ssv2_full_e10_a100,somethingv2,0.09374045801526718
0.5555555555555556,8,16,0.33923664122137404,11.17557251908397,0.3969465648854962,r2plus1d_18_ssv2_full_e10_a100,somethingv2,0.09587786259541983
0.5656565656565657,8,16,0.3429007633587786,11.26351145038168,0.4079389312977099,r2plus1d_18_ssv2_full_e10_a100,somethingv2,0.09954198473282441
0.5757575757575758,8,16,0.34473282442748093,11.339236641221374,0.41740458015267173,r2plus1d_18_ssv2_full_e10_a100,somethingv2,0.10137404580152673
0.5858585858585859,8,16,0.3465648854961832,11.405190839694656,0.4256488549618321,r2plus1d_18_ssv2_full_e10_a100,somethingv2,0.10320610687022899
0.595959595959596,8,16,0.34595419847328246,11.478473282442748,0.4348091603053435,r2plus1d_18_ssv2_full_e10_a100,somethingv2,0.10259541984732826
0.6060606060606061,8,16,0.347175572519084,11.566412213740458,0.44580152671755724,r2plus1d_18_ssv2_full_e10_a100,somethingv2,0.10381679389312978
0.6161616161616162,8,16,0.34961832061068704,11.63969465648855,0.4549618320610687,r2plus1d_18_ssv2_full_e10_a100,somethingv2,0.10625954198473284
0.6262626262626263,8,16,0.3517557251908397,11.72763358778626,0.46595419847328245,r2plus1d_18_ssv2_full_e10_a100,somethingv2,0.1083969465648855
0.6363636363636365,8,16,0.35450381679389315,11.818015267175573,0.4772519083969466,r2plus1d_18_ssv2_full_e10_a100,somethingv2,0.11114503816793894
0.6464646464646465,8,16,0.3566412213740458,11.888854961832061,0.4861068702290076,r2plus1d_18_ssv2_full_e10_a100,somethingv2,0.1132824427480916
0.6565656565656566,8,16,0.35877862595419846,11.993893129770992,0.49923664122137407,r2plus1d_18_ssv2_full_e10_a100,somethingv2,0.11541984732824426
0.6666666666666667,8,16,0.36213740458015264,12.0793893129771,0.5099236641221374,r2plus1d_18_ssv2_full_e10_a100,somethingv2,-0.06351145038167944
0.6767676767676768,8,16,0.36427480916030536,12.142900763358778,0.5178625954198474,r2plus1d_18_ssv2_full_e10_a100,somethingv2,-0.06137404580152672
0.686868686868687,8,16,0.3667175572519084,12.225954198473282,0.5282442748091603,r2plus1d_18_ssv2_full_e10_a100,somethingv2,-0.05893129770992367
0.696969696969697,8,16,0.36824427480916033,12.299236641221373,0.5374045801526718,r2plus1d_18_ssv2_full_e10_a100,somethingv2,-0.05740458015267175
0.7070707070707072,8,16,0.3700763358778626,12.377404580152671,0.547175572519084,r2plus1d_18_ssv2_full_e10_a100,somethingv2,-0.055572519083969485
0.7171717171717172,8,16,0.3697709923664122,12.431145038167939,0.5538931297709924,r2plus1d_18_ssv2_full_e10_a100,somethingv2,-0.05587786259541988
0.7272727272727273,8,16,0.3700763358778626,12.50442748091603,0.5630534351145038,r2plus1d_18_ssv2_full_e10_a100,somethingv2,-0.055572519083969485
0.7373737373737375,8,16,0.37251908396946565,12.611908396946564,0.5764885496183206,r2plus1d_18_ssv2_full_e10_a100,somethingv2,-0.05312977099236643
0.7474747474747475,8,16,0.3746564885496183,12.663206106870229,0.5829007633587786,r2plus1d_18_ssv2_full_e10_a100,somethingv2,-0.050992366412213774
0.7575757575757577,8,16,0.37770992366412215,12.72916030534351,0.591145038167939,r2plus1d_18_ssv2_full_e10_a100,somethingv2,-0.04793893129770993
0.7676767676767677,8,16,0.3789312977099237,12.821984732824427,0.6027480916030534,r2plus1d_18_ssv2_full_e10_a100,somethingv2,-0.046717557251908404
0.7777777777777778,8,16,0.38106870229007633,12.900152671755725,0.6125190839694656,r2plus1d_18_ssv2_full_e10_a100,somethingv2,-0.044580152671755746
0.787878787878788,8,16,0.38259541984732826,12.970992366412213,0.6213740458015267,r2plus1d_18_ssv2_full_e10_a100,somethingv2,-0.043053435114503824
0.797979797979798,8,16,0.383206106870229,13.06381679389313,0.6329770992366412,r2plus1d_18_ssv2_full_e10_a100,somethingv2,-0.04244274809160309
0.8080808080808082,8,16,0.3844274809160305,13.141984732824428,0.6427480916030535,r2plus1d_18_ssv2_full_e10_a100,somethingv2,-0.04122137404580156
0.8181818181818182,8,16,0.3850381679389313,13.210381679389313,0.6512977099236641,r2plus1d_18_ssv2_full_e10_a100,somethingv2,-0.04061068702290077
0.8282828282828284,8,16,0.38687022900763357,13.286106870229007,0.6607633587786259,r2plus1d_18_ssv2_full_e10_a100,somethingv2,-0.03877862595419851
0.8383838383838385,8,16,0.389618320610687,13.374045801526718,0.6717557251908397,r2plus1d_18_ssv2_full_e10_a100,somethingv2,-0.03603053435114506
0.8484848484848485,8,16,0.39114503816793894,13.461984732824428,0.6827480916030534,r2plus1d_18_ssv2_full_e10_a100,somethingv2,-0.03450381679389314
0.8585858585858587,8,16,0.39267175572519086,13.564580152671756,0.6955725190839694,r2plus1d_18_ssv2_full_e10_a100,somethingv2,-0.032977099236641216
0.8686868686868687,8,16,0.39572519083969465,13.654961832061069,0.7068702290076336,r2plus1d_18_ssv2_full_e10_a100,somethingv2,-0.029923664122137428
0.8787878787878789,8,16,0.3972519083969466,13.725801526717557,0.7157251908396947,r2plus1d_18_ssv2_full_e10_a100,somethingv2,-0.028396946564885506
0.888888888888889,8,16,0.4,13.84793893129771,0.7309923664122138,r2plus1d_18_ssv2_full_e10_a100,somethingv2,-0.025648854961832057
0.8989898989898991,8,16,0.4018320610687023,13.943206106870228,0.7429007633587786,r2plus1d_18_ssv2_full_e10_a100,somethingv2,-0.023816793893129795
0.9090909090909092,8,16,0.4030534351145038,14.026259541984732,0.7532824427480916,r2plus1d_18_ssv2_full_e10_a100,somethingv2,-0.02259541984732827
0.9191919191919192,8,16,0.4036641221374046,14.145954198473282,0.7682442748091604,r2plus1d_18_ssv2_full_e10_a100,somethingv2,-0.021984732824427478
0.9292929292929294,8,16,0.40396946564885494,14.238778625954199,0.7798473282442748,r2plus1d_18_ssv2_full_e10_a100,somethingv2,-0.021679389312977138
0.9393939393939394,8,16,0.40458015267175573,14.397557251908397,0.7996946564885496,r2plus1d_18_ssv2_full_e10_a100,somethingv2,-0.021068702290076347
0.9494949494949496,8,16,0.40885496183206105,14.539236641221374,0.8174045801526717,r2plus1d_18_ssv2_full_e10_a100,somethingv2,-0.01679389312977103
0.9595959595959597,8,16,0.4112977099236641,14.680916030534352,0.8351145038167939,r2plus1d_18_ssv2_full_e10_a100,somethingv2,-0.014351145038167978
0.9696969696969697,8,16,0.4122137404580153,14.842137404580154,0.8552671755725191,r2plus1d_18_ssv2_full_e10_a100,somethingv2,-0.013435114503816792
0.9797979797979799,8,16,0.4149618320610687,15.054656488549618,0.8818320610687023,r2plus1d_18_ssv2_full_e10_a100,somethingv2,-0.010687022900763399
0.98989898989899,8,16,0.41923664122137405,15.279389312977099,0.9099236641221374,r2plus1d_18_ssv2_full_e10_a100,somethingv2,-0.006412213740458028
1.0,8,16,0.4256488549618321,16.0,1.0,r2plus1d_18_ssv2_full_e10_a100,somethingv2,0.0
0.0,8,32,0.2433587786259542,8.0,0.0,r2plus1d_18_ssv2_full_e10_a100,somethingv2,0.0
0.010101010101010102,8,32,0.2433587786259542,8.0,0.0,r2plus1d_18_ssv2_full_e10_a100,somethingv2,0.0
0.020202020202020204,8,32,0.2433587786259542,8.0,0.0,r2plus1d_18_ssv2_full_e10_a100,somethingv2,0.0
0.030303030303030304,8,32,0.2433587786259542,8.0,0.0,r2plus1d_18_ssv2_full_e10_a100,somethingv2,0.0
0.04040404040404041,8,32,0.2433587786259542,8.0,0.0,r2plus1d_18_ssv2_full_e10_a100,somethingv2,0.0
0.05050505050505051,8,32,0.2433587786259542,8.0,0.0,r2plus1d_18_ssv2_full_e10_a100,somethingv2,0.0
0.06060606060606061,8,32,0.2433587786259542,8.0,0.0,r2plus1d_18_ssv2_full_e10_a100,somethingv2,0.0
0.07070707070707072,8,32,0.2433587786259542,8.0,0.0,r2plus1d_18_ssv2_full_e10_a100,somethingv2,0.0
0.08080808080808081,8,32,0.2433587786259542,8.00732824427481,0.0003053435114503817,r2plus1d_18_ssv2_full_e10_a100,somethingv2,0.0
0.09090909090909091,8,32,0.2433587786259542,8.00732824427481,0.0003053435114503817,r2plus1d_18_ssv2_full_e10_a100,somethingv2,0.0
0.10101010101010102,8,32,0.2433587786259542,8.014656488549619,0.0006106870229007634,r2plus1d_18_ssv2_full_e10_a100,somethingv2,0.0
0.11111111111111112,8,32,0.2433587786259542,8.043969465648855,0.00183206106870229,r2plus1d_18_ssv2_full_e10_a100,somethingv2,0.0
0.12121212121212122,8,32,0.2433587786259542,8.08793893129771,0.00366412213740458,r2plus1d_18_ssv2_full_e10_a100,somethingv2,0.0
0.13131313131313133,8,32,0.24366412213740457,8.109923664122137,0.004580152671755725,r2plus1d_18_ssv2_full_e10_a100,somethingv2,0.00030534351145036775
0.14141414141414144,8,32,0.24458015267175573,8.17587786259542,0.00732824427480916,r2plus1d_18_ssv2_full_e10_a100,somethingv2,0.0012213740458015265
0.15151515151515152,8,32,0.2448854961832061,8.241832061068703,0.010076335877862596,r2plus1d_18_ssv2_full_e10_a100,somethingv2,0.0015267175572518943
0.16161616161616163,8,32,0.2467175572519084,8.322442748091603,0.013435114503816794,r2plus1d_18_ssv2_full_e10_a100,somethingv2,0.003358778625954184
0.17171717171717174,8,32,0.24763358778625955,8.476335877862596,0.01984732824427481,r2plus1d_18_ssv2_full_e10_a100,somethingv2,0.004274809160305343
0.18181818181818182,8,32,0.24885496183206107,8.600916030534352,0.025038167938931297,r2plus1d_18_ssv2_full_e10_a100,somethingv2,0.005496183206106869
0.19191919191919193,8,32,0.2497709923664122,8.7987786259542,0.033282442748091605,r2plus1d_18_ssv2_full_e10_a100,somethingv2,0.006412213740458
0.20202020202020204,8,32,0.2500763358778626,8.923358778625953,0.03847328244274809,r2plus1d_18_ssv2_full_e10_a100,somethingv2,0.006717557251908396
0.21212121212121213,8,32,0.2516030534351145,9.077251908396947,0.04488549618320611,r2plus1d_18_ssv2_full_e10_a100,somethingv2,0.008244274809160318
0.22222222222222224,8,32,0.25282442748091605,9.267786259541985,0.05282442748091603,r2plus1d_18_ssv2_full_e10_a100,somethingv2,0.009465648854961844
0.23232323232323235,8,32,0.25557251908396944,9.450992366412214,0.06045801526717557,r2plus1d_18_ssv2_full_e10_a100,somethingv2,0.012213740458015238
0.24242424242424243,8,32,0.2580152671755725,9.66351145038168,0.06931297709923664,r2plus1d_18_ssv2_full_e10_a100,somethingv2,0.01465648854961829
0.25252525252525254,8,32,0.26076335877862594,9.795419847328244,0.07480916030534351,r2plus1d_18_ssv2_full_e10_a100,somethingv2,0.01740458015267174
0.26262626262626265,8,32,0.26229007633587786,9.963969465648855,0.08183206106870229,r2plus1d_18_ssv2_full_e10_a100,somethingv2,0.01893129770992366
0.27272727272727276,8,32,0.26534351145038165,10.18381679389313,0.09099236641221374,r2plus1d_18_ssv2_full_e10_a100,somethingv2,0.02198473282442745
0.2828282828282829,8,32,0.26931297709923663,10.484274809160306,0.10351145038167939,r2plus1d_18_ssv2_full_e10_a100,somethingv2,0.025954198473282425
0.29292929292929293,8,32,0.27236641221374047,10.828702290076336,0.11786259541984732,r2plus1d_18_ssv2_full_e10_a100,somethingv2,0.02900763358778627
0.30303030303030304,8,32,0.2766412213740458,11.092519083969465,0.12885496183206108,r2plus1d_18_ssv2_full_e10_a100,somethingv2,0.033282442748091584
0.31313131313131315,8,32,0.2784732824427481,11.319694656488549,0.1383206106870229,r2plus1d_18_ssv2_full_e10_a100,somethingv2,0.0351145038167939
0.32323232323232326,8,32,0.28030534351145037,11.539541984732825,0.14748091603053434,r2plus1d_18_ssv2_full_e10_a100,somethingv2,0.036946564885496164
0.33333333333333337,8,32,0.2821374045801527,11.737404580152672,0.15572519083969466,r2plus1d_18_ssv2_full_e10_a100,somethingv2,0.03877862595419848
0.3434343434343435,8,32,0.28427480916030534,11.986564885496183,0.16610687022900764,r2plus1d_18_ssv2_full_e10_a100,somethingv2,0.04091603053435114
0.3535353535353536,8,32,0.2876335877862595,12.250381679389314,0.17709923664122137,r2plus1d_18_ssv2_full_e10_a100,somethingv2,-0.13801526717557255
0.36363636363636365,8,32,0.28977099236641224,12.433587786259542,0.18473282442748093,r2plus1d_18_ssv2_full_e10_a100,somethingv2,-0.13587786259541984
0.37373737373737376,8,32,0.2931297709923664,12.70473282442748,0.19603053435114504,r2plus1d_18_ssv2_full_e10_a100,somethingv2,-0.13251908396946566
0.38383838383838387,8,32,0.2955725190839695,12.96854961832061,0.20702290076335877,r2plus1d_18_ssv2_full_e10_a100,somethingv2,-0.1300763358778626
0.393939393939394,8,32,0.29770992366412213,13.276335877862595,0.2198473282442748,r2plus1d_18_ssv2_full_e10_a100,somethingv2,-0.12793893129770995
0.4040404040404041,8,32,0.300763358778626,13.540152671755726,0.23083969465648854,r2plus1d_18_ssv2_full_e10_a100,somethingv2,-0.1248854961832061
0.4141414141414142,8,32,0.30259541984732824,13.825954198473282,0.24274809160305344,r2plus1d_18_ssv2_full_e10_a100,somethingv2,-0.12305343511450384
0.42424242424242425,8,32,0.30381679389312977,14.045801526717558,0.25190839694656486,r2plus1d_18_ssv2_full_e10_a100,somethingv2,-0.12183206106870231
0.43434343434343436,8,32,0.3065648854961832,14.302290076335877,0.26259541984732826,r2plus1d_18_ssv2_full_e10_a100,somethingv2,-0.11908396946564886
0.4444444444444445,8,32,0.3083969465648855,14.522137404580153,0.2717557251908397,r2plus1d_18_ssv2_full_e10_a100,somethingv2,-0.1172519083969466
0.4545454545454546,8,32,0.30931297709923666,14.829923664122138,0.28458015267175574,r2plus1d_18_ssv2_full_e10_a100,somethingv2,-0.11633587786259542
0.4646464646464647,8,32,0.3111450381679389,15.079083969465648,0.2949618320610687,r2plus1d_18_ssv2_full_e10_a100,somethingv2,-0.11450381679389315
0.4747474747474748,8,32,0.3138931297709924,15.364885496183206,0.3068702290076336,r2plus1d_18_ssv2_full_e10_a100,somethingv2,-0.1117557251908397
0.48484848484848486,8,32,0.31725190839694656,15.723969465648855,0.32183206106870227,r2plus1d_18_ssv2_full_e10_a100,somethingv2,-0.10839694656488552
0.494949494949495,8,32,0.32,15.921832061068702,0.3300763358778626,r2plus1d_18_ssv2_full_e10_a100,somethingv2,-0.10564885496183207
0.5050505050505051,8,32,0.323969465648855,16.127022900763357,0.3386259541984733,r2plus1d_18_ssv2_full_e10_a100,somethingv2,-0.1016793893129771
0.5151515151515152,8,32,0.32641221374045803,16.44213740458015,0.3517557251908397,r2plus1d_18_ssv2_full_e10_a100,somethingv2,-0.09923664122137404
0.5252525252525253,8,32,0.3297709923664122,16.74259541984733,0.36427480916030536,r2plus1d_18_ssv2_full_e10_a100,somethingv2,-0.09587786259541986
0.5353535353535354,8,32,0.33251908396946567,16.999083969465648,0.3749618320610687,r2plus1d_18_ssv2_full_e10_a100,somethingv2,-0.09312977099236641
0.5454545454545455,8,32,0.33557251908396946,17.24091603053435,0.3850381679389313,r2plus1d_18_ssv2_full_e10_a100,somethingv2,-0.09007633587786262
0.5555555555555556,8,32,0.3380152671755725,17.52671755725191,0.3969465648854962,r2plus1d_18_ssv2_full_e10_a100,somethingv2,-0.08763358778625957
0.5656565656565657,8,32,0.34106870229007635,17.790534351145038,0.4079389312977099,r2plus1d_18_ssv2_full_e10_a100,somethingv2,-0.08458015267175573
0.5757575757575758,8,32,0.3435114503816794,18.01770992366412,0.41740458015267173,r2plus1d_18_ssv2_full_e10_a100,somethingv2,-0.08213740458015267
0.5858585858585859,8,32,0.3450381679389313,18.21557251908397,0.4256488549618321,r2plus1d_18_ssv2_full_e10_a100,somethingv2,-0.0806106870229008
0.595959595959596,8,32,0.34381679389312975,18.435419847328244,0.4348091603053435,r2plus1d_18_ssv2_full_e10_a100,somethingv2,-0.08183206106870233
0.6060606060606061,8,32,0.34442748091603054,18.699236641221376,0.44580152671755724,r2plus1d_18_ssv2_full_e10_a100,somethingv2,-0.08122137404580154
0.6161616161616162,8,32,0.34564885496183206,18.91908396946565,0.4549618320610687,r2plus1d_18_ssv2_full_e10_a100,somethingv2,-0.08000000000000002
0.6262626262626263,8,32,0.3474809160305343,19.182900763358777,0.46595419847328245,r2plus1d_18_ssv2_full_e10_a100,somethingv2,-0.07816793893129775
0.6363636363636365,8,32,0.3499236641221374,19.454045801526718,0.4772519083969466,r2plus1d_18_ssv2_full_e10_a100,somethingv2,-0.0757251908396947
0.6464646464646465,8,32,0.3517557251908397,19.666564885496182,0.4861068702290076,r2plus1d_18_ssv2_full_e10_a100,somethingv2,-0.07389312977099238
0.6565656565656566,8,32,0.35450381679389315,19.981679389312976,0.49923664122137407,r2plus1d_18_ssv2_full_e10_a100,somethingv2,-0.07114503816793893
0.6666666666666667,8,32,0.35786259541984733,20.238167938931298,0.5099236641221374,r2plus1d_18_ssv2_full_e10_a100,somethingv2,-0.06778625954198475
0.6767676767676768,8,32,0.3603053435114504,20.428702290076338,0.5178625954198474,r2plus1d_18_ssv2_full_e10_a100,somethingv2,-0.0653435114503817
0.686868686868687,8,32,0.36274809160305344,20.677862595419846,0.5282442748091603,r2plus1d_18_ssv2_full_e10_a100,somethingv2,-0.06290076335877864
0.696969696969697,8,32,0.36335877862595417,20.897709923664124,0.5374045801526718,r2plus1d_18_ssv2_full_e10_a100,somethingv2,-0.06229007633587791
0.7070707070707072,8,32,0.3651908396946565,21.132213740458017,0.547175572519084,r2plus1d_18_ssv2_full_e10_a100,somethingv2,-0.06045801526717559
0.7171717171717172,8,32,0.3648854961832061,21.29343511450382,0.5538931297709924,r2plus1d_18_ssv2_full_e10_a100,somethingv2,-0.06076335877862599
0.7272727272727273,8,32,0.3654961832061069,21.513282442748093,0.5630534351145038,r2plus1d_18_ssv2_full_e10_a100,somethingv2,-0.060152671755725196
0.7373737373737375,8,32,0.36916030534351146,21.835725190839696,0.5764885496183206,r2plus1d_18_ssv2_full_e10_a100,somethingv2,-0.056488549618320616
0.7474747474747475,8,32,0.3716030534351145,21.98961832061069,0.5829007633587786,r2plus1d_18_ssv2_full_e10_a100,somethingv2,-0.05404580152671756
0.7575757575757577,8,32,0.3746564885496183,22.187480916030534,0.591145038167939,r2plus1d_18_ssv2_full_e10_a100,somethingv2,-0.050992366412213774
0.7676767676767677,8,32,0.3761832061068702,22.465954198473284,0.6027480916030534,r2plus1d_18_ssv2_full_e10_a100,somethingv2,-0.04946564885496185
0.7777777777777778,8,32,0.37770992366412215,22.700458015267177,0.6125190839694656,r2plus1d_18_ssv2_full_e10_a100,somethingv2,-0.04793893129770993
0.787878787878788,8,32,0.3795419847328244,22.91297709923664,0.6213740458015267,r2plus1d_18_ssv2_full_e10_a100,somethingv2,-0.04610687022900767
0.797979797979798,8,32,0.3801526717557252,23.191450381679388,0.6329770992366412,r2plus1d_18_ssv2_full_e10_a100,somethingv2,-0.04549618320610688
0.8080808080808082,8,32,0.38198473282442746,23.42595419847328,0.6427480916030535,r2plus1d_18_ssv2_full_e10_a100,somethingv2,-0.043664122137404615
0.8181818181818182,8,32,0.3838167938931298,23.63114503816794,0.6512977099236641,r2plus1d_18_ssv2_full_e10_a100,somethingv2,-0.0418320610687023
0.8282828282828284,8,32,0.38595419847328244,23.858320610687024,0.6607633587786259,r2plus1d_18_ssv2_full_e10_a100,somethingv2,-0.03969465648854964
0.8383838383838385,8,32,0.3880916030534351,24.12213740458015,0.6717557251908397,r2plus1d_18_ssv2_full_e10_a100,somethingv2,-0.03328244274809161
0.8484848484848485,8,32,0.3893129770992366,24.385954198473282,0.6827480916030534,r2plus1d_18_ssv2_full_e10_a100,somethingv2,-0.032061068702290085
0.8585858585858587,8,32,0.39114503816793894,24.693740458015267,0.6955725190839694,r2plus1d_18_ssv2_full_e10_a100,somethingv2,-0.030229007633587768
0.8686868686868687,8,32,0.39419847328244273,24.964885496183207,0.7068702290076336,r2plus1d_18_ssv2_full_e10_a100,somethingv2,-0.02717557251908398
0.8787878787878789,8,32,0.39572519083969465,25.177404580152672,0.7157251908396947,r2plus1d_18_ssv2_full_e10_a100,somethingv2,-0.025648854961832057
0.888888888888889,8,32,0.39938931297709923,25.54381679389313,0.7309923664122138,r2plus1d_18_ssv2_full_e10_a100,somethingv2,-0.021984732824427478
0.8989898989898991,8,32,0.40122137404580155,25.829618320610688,0.7429007633587786,r2plus1d_18_ssv2_full_e10_a100,somethingv2,-0.02015267175572516
0.9090909090909092,8,32,0.4021374045801527,26.078778625954197,0.7532824427480916,r2plus1d_18_ssv2_full_e10_a100,somethingv2,-0.01923664122137403
0.9191919191919192,8,32,0.4036641221374046,26.437862595419848,0.7682442748091604,r2plus1d_18_ssv2_full_e10_a100,somethingv2,-0.017709923664122107
0.9292929292929294,8,32,0.4036641221374046,26.716335877862594,0.7798473282442748,r2plus1d_18_ssv2_full_e10_a100,somethingv2,-0.017709923664122107
0.9393939393939394,8,32,0.4036641221374046,27.19267175572519,0.7996946564885496,r2plus1d_18_ssv2_full_e10_a100,somethingv2,-0.017709923664122107
0.9494949494949496,8,32,0.4082442748091603,27.617709923664123,0.8174045801526717,r2plus1d_18_ssv2_full_e10_a100,somethingv2,-0.013129770992366396
0.9595959595959597,8,32,0.41038167938931297,28.042748091603052,0.8351145038167939,r2plus1d_18_ssv2_full_e10_a100,somethingv2,-0.010992366412213739
0.9696969696969697,8,32,0.41099236641221376,28.526412213740457,0.8552671755725191,r2plus1d_18_ssv2_full_e10_a100,somethingv2,-0.010381679389312948
0.9797979797979799,8,32,0.4131297709923664,29.163969465648854,0.8818320610687023,r2plus1d_18_ssv2_full_e10_a100,somethingv2,-0.00824427480916029
0.98989898989899,8,32,0.41587786259541987,29.8381679389313,0.9099236641221374,r2plus1d_18_ssv2_full_e10_a100,somethingv2,-0.005496183206106842
1.0,8,32,0.4213740458015267,32.0,1.0,r2plus1d_18_ssv2_full_e10_a100,somethingv2,0.0
0.0,16,32,0.4256488549618321,16.0,0.0,r2plus1d_18_ssv2_full_e10_a100,somethingv2,0.0
0.010101010101010102,16,32,0.4256488549618321,16.0,0.0,r2plus1d_18_ssv2_full_e10_a100,somethingv2,0.0
0.020202020202020204,16,32,0.4256488549618321,16.0,0.0,r2plus1d_18_ssv2_full_e10_a100,somethingv2,0.0
0.030303030303030304,16,32,0.4256488549618321,16.0,0.0,r2plus1d_18_ssv2_full_e10_a100,somethingv2,0.0
0.04040404040404041,16,32,0.4256488549618321,16.0,0.0,r2plus1d_18_ssv2_full_e10_a100,somethingv2,0.0
0.05050505050505051,16,32,0.4256488549618321,16.0,0.0,r2plus1d_18_ssv2_full_e10_a100,somethingv2,0.0
0.06060606060606061,16,32,0.4256488549618321,16.0,0.0,r2plus1d_18_ssv2_full_e10_a100,somethingv2,0.0
0.07070707070707072,16,32,0.4256488549618321,16.0,0.0,r2plus1d_18_ssv2_full_e10_a100,somethingv2,0.0
0.08080808080808081,16,32,0.4256488549618321,16.004885496183206,0.0003053435114503817,r2plus1d_18_ssv2_full_e10_a100,somethingv2,0.0
0.09090909090909091,16,32,0.4256488549618321,16.004885496183206,0.0003053435114503817,r2plus1d_18_ssv2_full_e10_a100,somethingv2,0.0
0.10101010101010102,16,32,0.4256488549618321,16.009770992366413,0.0006106870229007634,r2plus1d_18_ssv2_full_e10_a100,somethingv2,0.0
0.11111111111111112,16,32,0.4256488549618321,16.019541984732825,0.0012213740458015267,r2plus1d_18_ssv2_full_e10_a100,somethingv2,0.0
0.12121212121212122,16,32,0.4256488549618321,16.019541984732825,0.0012213740458015267,r2plus1d_18_ssv2_full_e10_a100,somethingv2,0.0
0.13131313131313133,16,32,0.4259541984732824,16.029312977099238,0.00183206106870229,r2plus1d_18_ssv2_full_e10_a100,somethingv2,0.00030534351145034
0.14141414141414144,16,32,0.4259541984732824,16.043969465648853,0.002748091603053435,r2plus1d_18_ssv2_full_e10_a100,somethingv2,0.00030534351145034
0.15151515151515152,16,32,0.4259541984732824,16.07328244274809,0.004580152671755725,r2plus1d_18_ssv2_full_e10_a100,somethingv2,0.00030534351145034
0.16161616161616163,16,32,0.4259541984732824,16.10259541984733,0.006412213740458015,r2plus1d_18_ssv2_full_e10_a100,somethingv2,0.00030534351145034
0.17171717171717174,16,32,0.4265648854961832,16.13679389312977,0.008549618320610687,r2plus1d_18_ssv2_full_e10_a100,somethingv2,0.000916030534351131
0.18181818181818182,16,32,0.4268702290076336,16.170992366412214,0.010687022900763359,r2plus1d_18_ssv2_full_e10_a100,somethingv2,0.0012213740458015265
0.19191919191919193,16,32,0.4268702290076336,16.195419847328246,0.012213740458015267,r2plus1d_18_ssv2_full_e10_a100,somethingv2,0.0012213740458015265
0.20202020202020204,16,32,0.4268702290076336,16.258931297709925,0.01618320610687023,r2plus1d_18_ssv2_full_e10_a100,somethingv2,0.0012213740458015265
0.21212121212121213,16,32,0.4265648854961832,16.28824427480916,0.01801526717557252,r2plus1d_18_ssv2_full_e10_a100,somethingv2,0.000916030534351131
0.22222222222222224,16,32,0.4268702290076336,16.346870229007635,0.0216793893129771,r2plus1d_18_ssv2_full_e10_a100,somethingv2,0.0012213740458015265
0.23232323232323235,16,32,0.42748091603053434,16.454351145038167,0.028396946564885495,r2plus1d_18_ssv2_full_e10_a100,somethingv2,0.001832061068702262
0.24242424242424243,16,32,0.42717557251908395,16.53740458015267,0.03358778625954199,r2plus1d_18_ssv2_full_e10_a100,somethingv2,0.0015267175572518665
0.25252525252525254,16,32,0.42778625954198474,16.610687022900763,0.03816793893129771,r2plus1d_18_ssv2_full_e10_a100,somethingv2,0.0021374045801526576
0.26262626262626265,16,32,0.42900763358778626,16.693740458015267,0.0433587786259542,r2plus1d_18_ssv2_full_e10_a100,somethingv2,0.003358778625954184
0.27272727272727276,16,32,0.42900763358778626,16.757251908396945,0.04732824427480916,r2plus1d_18_ssv2_full_e10_a100,somethingv2,0.003358778625954184
0.2828282828282829,16,32,0.42900763358778626,16.830534351145037,0.051908396946564885,r2plus1d_18_ssv2_full_e10_a100,somethingv2,0.003358778625954184
0.29292929292929293,16,32,0.42900763358778626,16.8793893129771,0.0549618320610687,r2plus1d_18_ssv2_full_e10_a100,somethingv2,0.003358778625954184
0.30303030303030304,16,32,0.4299236641221374,17.00152671755725,0.06259541984732825,r2plus1d_18_ssv2_full_e10_a100,somethingv2,0.004274809160305315
0.31313131313131315,16,32,0.429618320610687,17.123664122137406,0.07022900763358779,r2plus1d_18_ssv2_full_e10_a100,somethingv2,0.00396946564885492
0.32323232323232326,16,32,0.4308396946564885,17.231145038167938,0.07694656488549619,r2plus1d_18_ssv2_full_e10_a100,somethingv2,0.005190839694656446
0.33333333333333337,16,32,0.4302290076335878,17.363053435114505,0.08519083969465649,r2plus1d_18_ssv2_full_e10_a100,somethingv2,0.004580152671755711
0.3434343434343435,16,32,0.4308396946564885,17.470534351145037,0.09190839694656489,r2plus1d_18_ssv2_full_e10_a100,somethingv2,0.005190839694656446
0.3535353535353536,16,32,0.4314503816793893,17.578015267175573,0.09862595419847328,r2plus1d_18_ssv2_full_e10_a100,somethingv2,0.005801526717557237
0.36363636363636365,16,32,0.4314503816793893,17.626870229007633,0.1016793893129771,r2plus1d_18_ssv2_full_e10_a100,somethingv2,0.005801526717557237
0.37373737373737376,16,32,0.4311450381679389,17.739236641221375,0.10870229007633588,r2plus1d_18_ssv2_full_e10_a100,somethingv2,0.005496183206106842
0.38383838383838387,16,32,0.4308396946564885,17.851603053435113,0.11572519083969465,r2plus1d_18_ssv2_full_e10_a100,somethingv2,0.005190839694656446
0.393939393939394,16,32,0.4314503816793893,17.95908396946565,0.12244274809160305,r2plus1d_18_ssv2_full_e10_a100,somethingv2,0.005801526717557237
0.4040404040404041,16,32,0.43267175572519084,18.086106870229006,0.13038167938931297,r2plus1d_18_ssv2_full_e10_a100,somethingv2,0.007022900763358764
0.4141414141414142,16,32,0.43297709923664124,18.213129770992367,0.1383206106870229,r2plus1d_18_ssv2_full_e10_a100,somethingv2,0.007328244274809159
0.42424242424242425,16,32,0.43267175572519084,18.315725190839693,0.14473282442748092,r2plus1d_18_ssv2_full_e10_a100,somethingv2,0.007022900763358764
0.43434343434343436,16,32,0.43206106870229005,18.437862595419848,0.15236641221374045,r2plus1d_18_ssv2_full_e10_a100,somethingv2,0.006412213740457973
0.4444444444444445,16,32,0.43206106870229005,18.579541984732824,0.16122137404580153,r2plus1d_18_ssv2_full_e10_a100,somethingv2,0.006412213740457973
0.4545454545454546,16,32,0.43236641221374045,18.76030534351145,0.17251908396946564,r2plus1d_18_ssv2_full_e10_a100,somethingv2,0.006717557251908368
0.4646464646464647,16,32,0.43297709923664124,18.916641221374046,0.18229007633587788,r2plus1d_18_ssv2_full_e10_a100,somethingv2,0.007328244274809159
0.4747474747474748,16,32,0.4332824427480916,19.019236641221376,0.18870229007633588,r2plus1d_18_ssv2_full_e10_a100,somethingv2,0.007633587786259499
0.48484848484848486,16,32,0.43297709923664124,19.170687022900765,0.19816793893129772,r2plus1d_18_ssv2_full_e10_a100,somethingv2,0.007328244274809159
0.494949494949495,16,32,0.43267175572519084,19.356335877862595,0.20977099236641222,r2plus1d_18_ssv2_full_e10_a100,somethingv2,0.007022900763358764
0.5050505050505051,16,32,0.4317557251908397,19.502900763358777,0.21893129770992367,r2plus1d_18_ssv2_full_e10_a100,somethingv2,0.006106870229007633
0.5151515151515152,16,32,0.4317557251908397,19.605496183206107,0.22534351145038167,r2plus1d_18_ssv2_full_e10_a100,somethingv2,0.006106870229007633
0.5252525252525253,16,32,0.4311450381679389,19.75206106870229,0.23450381679389312,r2plus1d_18_ssv2_full_e10_a100,somethingv2,0.005496183206106842
0.5353535353535354,16,32,0.4308396946564885,19.859541984732825,0.24122137404580152,r2plus1d_18_ssv2_full_e10_a100,somethingv2,0.005190839694656446
0.5454545454545455,16,32,0.42900763358778626,20.04030534351145,0.25251908396946565,r2plus1d_18_ssv2_full_e10_a100,somethingv2,0.003358778625954184
0.5555555555555556,16,32,0.42900763358778626,20.16732824427481,0.26045801526717555,r2plus1d_18_ssv2_full_e10_a100,somethingv2,0.003358778625954184
0.5656565656565657,16,32,0.42900763358778626,20.313893129770992,0.269618320610687,r2plus1d_18_ssv2_full_e10_a100,somethingv2,0.003358778625954184
0.5757575757575758,16,32,0.4283969465648855,20.45557251908397,0.2784732824427481,r2plus1d_18_ssv2_full_e10_a100,somethingv2,0.002748091603053393
0.5858585858585859,16,32,0.42809160305343513,20.58259541984733,0.286412213740458,r2plus1d_18_ssv2_full_e10_a100,somethingv2,0.002442748091603053
0.595959595959596,16,32,0.42778625954198474,20.738931297709925,0.2961832061068702,r2plus1d_18_ssv2_full_e10_a100,somethingv2,0.0021374045801526576
0.6060606060606061,16,32,0.42900763358778626,20.85618320610687,0.30351145038167937,r2plus1d_18_ssv2_full_e10_a100,somethingv2,0.003358778625954184
0.6161616161616162,16,32,0.429618320610687,21.00763358778626,0.31297709923664124,r2plus1d_18_ssv2_full_e10_a100,somethingv2,0.00396946564885492
0.6262626262626263,16,32,0.42900763358778626,21.18351145038168,0.323969465648855,r2plus1d_18_ssv2_full_e10_a100,somethingv2,0.003358778625954184
0.6363636363636365,16,32,0.42870229007633587,21.30564885496183,0.3316030534351145,r2plus1d_18_ssv2_full_e10_a100,somethingv2,0.0030534351145037886
0.6464646464646465,16,32,0.42931297709923666,21.432671755725192,0.33954198473282443,r2plus1d_18_ssv2_full_e10_a100,somethingv2,0.0036641221374045796
0.6565656565656566,16,32,0.4283969465648855,21.593893129770994,0.34961832061068704,r2plus1d_18_ssv2_full_e10_a100,somethingv2,0.002748091603053393
0.6666666666666667,16,32,0.42778625954198474,21.755114503816795,0.3596946564885496,r2plus1d_18_ssv2_full_e10_a100,somethingv2,0.0021374045801526576
0.6767676767676768,16,32,0.42717557251908395,21.88702290076336,0.36793893129770994,r2plus1d_18_ssv2_full_e10_a100,somethingv2,0.0015267175572518665
0.686868686868687,16,32,0.42717557251908395,22.02381679389313,0.3764885496183206,r2plus1d_18_ssv2_full_e10_a100,somethingv2,0.0015267175572518665
0.696969696969697,16,32,0.42717557251908395,22.155725190839696,0.3847328244274809,r2plus1d_18_ssv2_full_e10_a100,somethingv2,0.0015267175572518665
0.7070707070707072,16,32,0.4265648854961832,22.33648854961832,0.39603053435114505,r2plus1d_18_ssv2_full_e10_a100,somethingv2,0.000916030534351131
0.7171717171717172,16,32,0.42717557251908395,22.458625954198475,0.4036641221374046,r2plus1d_18_ssv2_full_e10_a100,somethingv2,0.0015267175572518665
0.7272727272727273,16,32,0.42717557251908395,22.60030534351145,0.4125190839694656,r2plus1d_18_ssv2_full_e10_a100,somethingv2,0.0015267175572518665
0.7373737373737375,16,32,0.4268702290076336,22.722442748091602,0.4201526717557252,r2plus1d_18_ssv2_full_e10_a100,somethingv2,0.0012213740458015265
0.7474747474747475,16,32,0.4256488549618321,22.859236641221376,0.42870229007633587,r2plus1d_18_ssv2_full_e10_a100,somethingv2,0.0
0.7575757575757577,16,32,0.4256488549618321,22.9618320610687,0.4351145038167939,r2plus1d_18_ssv2_full_e10_a100,somethingv2,0.0
0.7676767676767677,16,32,0.4259541984732824,23.069312977099237,0.44183206106870226,r2plus1d_18_ssv2_full_e10_a100,somethingv2,0.00030534351145034
0.7777777777777778,16,32,0.4256488549618321,23.17679389312977,0.4485496183206107,r2plus1d_18_ssv2_full_e10_a100,somethingv2,0.0
0.787878787878788,16,32,0.4253435114503817,23.308702290076337,0.456793893129771,r2plus1d_18_ssv2_full_e10_a100,somethingv2,-0.0003053435114503955
0.797979797979798,16,32,0.4253435114503817,23.474809160305345,0.467175572519084,r2plus1d_18_ssv2_full_e10_a100,somethingv2,-0.0003053435114503955
0.8080808080808082,16,32,0.4253435114503817,23.61648854961832,0.47603053435114506,r2plus1d_18_ssv2_full_e10_a100,somethingv2,-0.0003053435114503955
0.8181818181818182,16,32,0.4253435114503817,23.81679389312977,0.48854961832061067,r2plus1d_18_ssv2_full_e10_a100,somethingv2,-0.0003053435114503955
0.8282828282828284,16,32,0.4250381679389313,23.987786259541984,0.49923664122137407,r2plus1d_18_ssv2_full_e10_a100,somethingv2,-0.000610687022900791
0.8383838383838385,16,32,0.4250381679389313,24.163664122137405,0.5102290076335878,r2plus1d_18_ssv2_full_e10_a100,somethingv2,0.0036641221374045796
0.8484848484848485,16,32,0.4247328244274809,24.315114503816794,0.5196946564885496,r2plus1d_18_ssv2_full_e10_a100,somethingv2,0.003358778625954184
0.8585858585858587,16,32,0.42412213740458016,24.534961832061068,0.5334351145038168,r2plus1d_18_ssv2_full_e10_a100,somethingv2,0.0027480916030534486
0.8686868686868687,16,32,0.42351145038167937,24.78412213740458,0.5490076335877863,r2plus1d_18_ssv2_full_e10_a100,somethingv2,0.0021374045801526576
0.8787878787878789,16,32,0.42351145038167937,24.99419847328244,0.5621374045801527,r2plus1d_18_ssv2_full_e10_a100,somethingv2,0.0021374045801526576
0.888888888888889,16,32,0.42290076335877863,25.18473282442748,0.5740458015267176,r2plus1d_18_ssv2_full_e10_a100,somethingv2,0.001526717557251922
0.8989898989898991,16,32,0.42290076335877863,25.414351145038168,0.5883969465648855,r2plus1d_18_ssv2_full_e10_a100,somethingv2,0.001526717557251922
0.9090909090909092,16,32,0.423206106870229,25.707480916030534,0.6067175572519083,r2plus1d_18_ssv2_full_e10_a100,somethingv2,0.0018320610687023176
0.9191919191919192,16,32,0.423206106870229,25.99083969465649,0.6244274809160305,r2plus1d_18_ssv2_full_e10_a100,somethingv2,0.0018320610687023176
0.9292929292929294,16,32,0.42290076335877863,26.26442748091603,0.6415267175572519,r2plus1d_18_ssv2_full_e10_a100,somethingv2,0.001526717557251922
0.9393939393939394,16,32,0.42259541984732824,26.547786259541986,0.659236641221374,r2plus1d_18_ssv2_full_e10_a100,somethingv2,0.0012213740458015265
0.9494949494949496,16,32,0.42290076335877863,26.840916030534352,0.677557251908397,r2plus1d_18_ssv2_full_e10_a100,somethingv2,0.001526717557251922
0.9595959595959597,16,32,0.42259541984732824,27.09496183206107,0.6934351145038168,r2plus1d_18_ssv2_full_e10_a100,somethingv2,0.0012213740458015265
0.9696969696969697,16,32,0.42229007633587784,27.441832061068702,0.7151145038167939,r2plus1d_18_ssv2_full_e10_a100,somethingv2,0.000916030534351131
0.9797979797979799,16,32,0.42259541984732824,27.954809160305345,0.747175572519084,r2plus1d_18_ssv2_full_e10_a100,somethingv2,0.0012213740458015265
0.98989898989899,16,32,0.4219847328244275,28.72671755725191,0.7954198473282442,r2plus1d_18_ssv2_full_e10_a100,somethingv2,0.000610687022900791
1.0,16,32,0.4213740458015267,31.995114503816794,0.9996946564885496,r2plus1d_18_ssv2_full_e10_a100,somethingv2,0.0
