video_id,label_id,source_frames,distinct_frames,model_input_frames,span_pct,config,correct_top1,confidence,model,dataset
210300,0,52,5,8,10,span10,False,0.47532784938812256,timesformer,ssv2
197315,2,49,5,8,10,span10,False,0.8236494064331055,timesformer,ssv2
218883,3,44,4,8,10,span10,False,0.4145846962928772,timesformer,ssv2
30133,4,61,6,8,10,span10,False,0.27875909209251404,timesformer,ssv2
186406,6,66,7,8,10,span10,False,0.7933114767074585,timesformer,ssv2
210300,0,52,8,8,25,span25,False,0.5321497917175293,timesformer,ssv2
197315,2,49,8,8,25,span25,False,0.5650405883789062,timesformer,ssv2
218883,3,44,8,8,25,span25,False,0.7904248237609863,timesformer,ssv2
30133,4,61,8,8,25,span25,False,0.7928555011749268,timesformer,ssv2
186406,6,66,8,8,25,span25,False,0.25237777829170227,timesformer,ssv2
210300,0,52,8,8,50,span50,True,0.527110755443573,timesformer,ssv2
197315,2,49,8,8,50,span50,False,0.5534154772758484,timesformer,ssv2
218883,3,44,8,8,50,span50,True,0.21639233827590942,timesformer,ssv2
30133,4,61,8,8,50,span50,False,0.8343838453292847,timesformer,ssv2
186406,6,66,8,8,50,span50,True,0.9911186099052429,timesformer,ssv2
210300,0,52,8,8,75,span75,True,0.6888918280601501,timesformer,ssv2
197315,2,49,8,8,75,span75,False,0.4066173732280731,timesformer,ssv2
218883,3,44,8,8,75,span75,True,0.6756190657615662,timesformer,ssv2
30133,4,61,8,8,75,span75,False,0.9836868643760681,timesformer,ssv2
186406,6,66,8,8,75,span75,True,0.9702131152153015,timesformer,ssv2
210300,0,52,8,8,100,span100,False,0.5401470065116882,timesformer,ssv2
197315,2,49,8,8,100,span100,True,0.725761890411377,timesformer,ssv2
218883,3,44,8,8,100,span100,True,0.7544801235198975,timesformer,ssv2
30133,4,61,8,8,100,span100,False,0.8577099442481995,timesformer,ssv2
186406,6,66,8,8,100,span100,True,0.9627087712287903,timesformer,ssv2
172000,7,58,6,8,10,span10,False,0.9816853404045105,timesformer,ssv2
70659,8,18,2,8,10,span10,False,0.9982372522354126,timesformer,ssv2
11086,8,18,2,8,10,span10,False,0.8728794455528259,timesformer,ssv2
3793,9,38,4,8,10,span10,True,0.9863844513893127,timesformer,ssv2
49806,9,19,2,8,10,span10,True,0.9471827745437622,timesformer,ssv2
91295,9,20,2,8,10,span10,True,0.4417271018028259,timesformer,ssv2
119565,9,19,2,8,10,span10,False,0.3665338456630707,timesformer,ssv2
184324,10,20,2,8,10,span10,False,0.5522214770317078,timesformer,ssv2
39791,10,17,2,8,10,span10,False,0.7332196831703186,timesformer,ssv2
21147,11,18,2,8,10,span10,False,0.7102851271629333,timesformer,ssv2
203782,11,18,2,8,10,span10,False,0.23110230267047882,timesformer,ssv2
12383,12,20,2,8,10,span10,False,0.25670093297958374,timesformer,ssv2
172000,7,58,8,8,25,span25,False,0.8775964379310608,timesformer,ssv2
70659,8,18,4,8,25,span25,False,0.22763094305992126,timesformer,ssv2
11086,8,18,4,8,25,span25,True,0.9003461599349976,timesformer,ssv2
3793,9,38,8,8,25,span25,True,0.9997147917747498,timesformer,ssv2
49806,9,19,5,8,25,span25,False,0.811615526676178,timesformer,ssv2
91295,9,20,5,8,25,span25,False,0.8940785527229309,timesformer,ssv2
119565,9,19,5,8,25,span25,True,0.5839094519615173,timesformer,ssv2
184324,10,20,5,8,25,span25,False,0.7326439023017883,timesformer,ssv2
39791,10,17,4,8,25,span25,False,0.949207067489624,timesformer,ssv2
21147,11,18,4,8,25,span25,False,0.2988075017929077,timesformer,ssv2
203782,11,18,4,8,25,span25,False,0.6289054155349731,timesformer,ssv2
12383,12,20,5,8,25,span25,False,0.46785789728164673,timesformer,ssv2
172000,7,58,8,8,50,span50,False,0.5932944416999817,timesformer,ssv2
70659,8,18,8,8,50,span50,False,0.5732054710388184,timesformer,ssv2
11086,8,18,8,8,50,span50,True,0.9929420948028564,timesformer,ssv2
3793,9,38,8,8,50,span50,True,0.9997915625572205,timesformer,ssv2
49806,9,19,8,8,50,span50,True,0.49887803196907043,timesformer,ssv2
91295,9,20,8,8,50,span50,True,0.8753793239593506,timesformer,ssv2
119565,9,19,8,8,50,span50,True,0.8792826533317566,timesformer,ssv2
184324,10,20,8,8,50,span50,False,0.6464167237281799,timesformer,ssv2
39791,10,17,8,8,50,span50,True,0.4942864179611206,timesformer,ssv2
21147,11,18,8,8,50,span50,True,0.5932174324989319,timesformer,ssv2
203782,11,18,8,8,50,span50,False,0.7348111271858215,timesformer,ssv2
12383,12,20,8,8,50,span50,False,0.20089544355869293,timesformer,ssv2
172000,7,58,8,8,75,span75,False,0.5621494054794312,timesformer,ssv2
70659,8,18,8,8,75,span75,False,0.325057715177536,timesformer,ssv2
11086,8,18,8,8,75,span75,True,0.9864185452461243,timesformer,ssv2
3793,9,38,8,8,75,span75,True,0.9997355341911316,timesformer,ssv2
49806,9,19,8,8,75,span75,True,0.8227577209472656,timesformer,ssv2
91295,9,20,8,8,75,span75,True,0.9967721104621887,timesformer,ssv2
119565,9,19,8,8,75,span75,True,0.7193349003791809,timesformer,ssv2
184324,10,20,8,8,75,span75,False,0.8814123868942261,timesformer,ssv2
39791,10,17,8,8,75,span75,True,0.8984490633010864,timesformer,ssv2
21147,11,18,8,8,75,span75,True,0.3749520182609558,timesformer,ssv2
203782,11,18,8,8,75,span75,False,0.5829346776008606,timesformer,ssv2
12383,12,20,8,8,75,span75,True,0.9950140118598938,timesformer,ssv2
172000,7,58,8,8,100,span100,False,0.5301733613014221,timesformer,ssv2
70659,8,18,8,8,100,span100,False,0.6145685315132141,timesformer,ssv2
11086,8,18,8,8,100,span100,True,0.9983629584312439,timesformer,ssv2
3793,9,38,8,8,100,span100,True,0.9998769760131836,timesformer,ssv2
49806,9,19,8,8,100,span100,False,0.8010641932487488,timesformer,ssv2
91295,9,20,8,8,100,span100,True,0.9826693534851074,timesformer,ssv2
119565,9,19,8,8,100,span100,True,0.805340588092804,timesformer,ssv2
184324,10,20,8,8,100,span100,False,0.9923055768013,timesformer,ssv2
39791,10,17,8,8,100,span100,True,0.9672698378562927,timesformer,ssv2
21147,11,18,8,8,100,span100,True,0.8592873215675354,timesformer,ssv2
203782,11,18,8,8,100,span100,True,0.811441957950592,timesformer,ssv2
12383,12,20,8,8,100,span100,True,0.9956226944923401,timesformer,ssv2
41732,12,30,3,8,10,span10,False,0.3297019600868225,timesformer,ssv2
134009,13,59,6,8,10,span10,False,0.4780217111110687,timesformer,ssv2
70598,14,67,7,8,10,span10,False,0.30448341369628906,timesformer,ssv2
73515,16,50,5,8,10,span10,True,0.99989914894104,timesformer,ssv2
176489,16,16,2,8,10,span10,False,0.6779963970184326,timesformer,ssv2
166437,17,12,1,8,10,span10,True,0.9999368190765381,timesformer,ssv2
205544,18,16,2,8,10,span10,True,0.9920763969421387,timesformer,ssv2
116776,18,16,2,8,10,span10,False,0.4864063262939453,timesformer,ssv2
126414,19,47,5,8,10,span10,False,0.932079553604126,timesformer,ssv2
41732,12,30,8,8,25,span25,False,0.8931717872619629,timesformer,ssv2
134009,13,59,8,8,25,span25,False,0.12744374573230743,timesformer,ssv2
70598,14,67,8,8,25,span25,True,0.9650105237960815,timesformer,ssv2
73515,16,50,8,8,25,span25,True,0.9998176693916321,timesformer,ssv2
176489,16,16,4,8,25,span25,False,0.6063019037246704,timesformer,ssv2
166437,17,12,3,8,25,span25,True,0.9999288320541382,timesformer,ssv2
205544,18,16,4,8,25,span25,True,0.9687706232070923,timesformer,ssv2
116776,18,16,4,8,25,span25,False,0.4747512638568878,timesformer,ssv2
126414,19,47,8,8,25,span25,False,0.9140676259994507,timesformer,ssv2
41732,12,30,8,8,50,span50,False,0.34535786509513855,timesformer,ssv2
134009,13,59,8,8,50,span50,False,0.22312664985656738,timesformer,ssv2
70598,14,67,8,8,50,span50,True,0.3778522312641144,timesformer,ssv2
73515,16,50,8,8,50,span50,True,0.9993522763252258,timesformer,ssv2
176489,16,16,8,8,50,span50,False,0.7173745632171631,timesformer,ssv2
166437,17,12,6,8,50,span50,True,0.9999206066131592,timesformer,ssv2
205544,18,16,8,8,50,span50,False,0.8359193801879883,timesformer,ssv2
116776,18,16,8,8,50,span50,False,0.580101728439331,timesformer,ssv2
126414,19,47,8,8,50,span50,False,0.8789617419242859,timesformer,ssv2
41732,12,30,8,8,75,span75,False,0.23823286592960358,timesformer,ssv2
134009,13,59,8,8,75,span75,False,0.3357129395008087,timesformer,ssv2
70598,14,67,8,8,75,span75,True,0.6190531849861145,timesformer,ssv2
73515,16,50,8,8,75,span75,True,0.998996913433075,timesformer,ssv2
176489,16,16,8,8,75,span75,False,0.9103038907051086,timesformer,ssv2
166437,17,12,8,8,75,span75,True,0.9999164342880249,timesformer,ssv2
205544,18,16,8,8,75,span75,False,0.8683667778968811,timesformer,ssv2
116776,18,16,8,8,75,span75,False,0.47600820660591125,timesformer,ssv2
126414,19,47,8,8,75,span75,False,0.8722138404846191,timesformer,ssv2
41732,12,30,8,8,100,span100,False,0.31665897369384766,timesformer,ssv2
134009,13,59,8,8,100,span100,False,0.18652920424938202,timesformer,ssv2
70598,14,67,8,8,100,span100,True,0.8972814679145813,timesformer,ssv2
73515,16,50,8,8,100,span100,True,0.9985369443893433,timesformer,ssv2
176489,16,16,8,8,100,span100,False,0.9897186756134033,timesformer,ssv2
166437,17,12,8,8,100,span100,True,0.9999103546142578,timesformer,ssv2
205544,18,16,8,8,100,span100,True,0.542686939239502,timesformer,ssv2
116776,18,16,8,8,100,span100,False,0.3962155282497406,timesformer,ssv2
126414,19,47,8,8,100,span100,False,0.9405699968338013,timesformer,ssv2
425,19,27,3,8,10,span10,True,0.9921302199363708,timesformer,ssv2
193202,23,57,6,8,10,span10,False,0.5373984575271606,timesformer,ssv2
124722,23,14,1,8,10,span10,False,0.49488988518714905,timesformer,ssv2
152971,23,69,7,8,10,span10,False,0.6205014586448669,timesformer,ssv2
34188,23,19,2,8,10,span10,False,0.5835327506065369,timesformer,ssv2
60261,23,18,2,8,10,span10,False,0.7289755940437317,timesformer,ssv2
112844,24,16,2,8,10,span10,False,0.5527154207229614,timesformer,ssv2
151940,24,64,6,8,10,span10,False,0.8806906938552856,timesformer,ssv2
188211,24,20,2,8,10,span10,False,0.8229672312736511,timesformer,ssv2
163933,24,37,4,8,10,span10,False,0.9423858523368835,timesformer,ssv2
425,19,27,7,8,25,span25,True,0.9790564775466919,timesformer,ssv2
193202,23,57,8,8,25,span25,False,0.8042715191841125,timesformer,ssv2
124722,23,14,4,8,25,span25,False,0.6369712352752686,timesformer,ssv2
152971,23,69,8,8,25,span25,False,0.3045541048049927,timesformer,ssv2
34188,23,19,5,8,25,span25,False,0.773506760597229,timesformer,ssv2
60261,23,18,4,8,25,span25,False,0.9474654197692871,timesformer,ssv2
112844,24,16,4,8,25,span25,False,0.6408510208129883,timesformer,ssv2
151940,24,64,8,8,25,span25,False,0.3607424199581146,timesformer,ssv2
188211,24,20,5,8,25,span25,False,0.30283933877944946,timesformer,ssv2
163933,24,37,8,8,25,span25,False,0.8424906730651855,timesformer,ssv2
425,19,27,8,8,50,span50,True,0.7170292139053345,timesformer,ssv2
193202,23,57,8,8,50,span50,False,0.36941930651664734,timesformer,ssv2
124722,23,14,7,8,50,span50,False,0.40079107880592346,timesformer,ssv2
152971,23,69,8,8,50,span50,False,0.25701436400413513,timesformer,ssv2
34188,23,19,8,8,50,span50,False,0.7025111317634583,timesformer,ssv2
60261,23,18,8,8,50,span50,True,0.939419686794281,timesformer,ssv2
112844,24,16,8,8,50,span50,False,0.7694407105445862,timesformer,ssv2
151940,24,64,8,8,50,span50,False,0.585455060005188,timesformer,ssv2
188211,24,20,8,8,50,span50,True,0.44322848320007324,timesformer,ssv2
163933,24,37,8,8,50,span50,False,0.5725272297859192,timesformer,ssv2
425,19,27,8,8,75,span75,True,0.39256057143211365,timesformer,ssv2
193202,23,57,8,8,75,span75,False,0.8381423354148865,timesformer,ssv2
124722,23,14,8,8,75,span75,False,0.524172306060791,timesformer,ssv2
152971,23,69,8,8,75,span75,False,0.7548171877861023,timesformer,ssv2
34188,23,19,8,8,75,span75,False,0.5091989040374756,timesformer,ssv2
60261,23,18,8,8,75,span75,True,0.9145494699478149,timesformer,ssv2
112844,24,16,8,8,75,span75,True,0.6636971831321716,timesformer,ssv2
151940,24,64,8,8,75,span75,False,0.4982466995716095,timesformer,ssv2
188211,24,20,8,8,75,span75,True,0.7665292620658875,timesformer,ssv2
163933,24,37,8,8,75,span75,True,0.4619937539100647,timesformer,ssv2
425,19,27,8,8,100,span100,True,0.31005117297172546,timesformer,ssv2
193202,23,57,8,8,100,span100,False,0.923394501209259,timesformer,ssv2
124722,23,14,8,8,100,span100,False,0.6694211363792419,timesformer,ssv2
152971,23,69,8,8,100,span100,False,0.42262834310531616,timesformer,ssv2
34188,23,19,8,8,100,span100,True,0.5038799047470093,timesformer,ssv2
60261,23,18,8,8,100,span100,True,0.9691847562789917,timesformer,ssv2
112844,24,16,8,8,100,span100,True,0.49506983160972595,timesformer,ssv2
151940,24,64,8,8,100,span100,False,0.3828185200691223,timesformer,ssv2
188211,24,20,8,8,100,span100,True,0.7221336364746094,timesformer,ssv2
163933,24,37,8,8,100,span100,False,0.5509104132652283,timesformer,ssv2
150400,26,45,4,8,10,span10,False,0.636249840259552,timesformer,ssv2
162440,27,20,2,8,10,span10,True,0.9801077842712402,timesformer,ssv2
43192,29,53,5,8,10,span10,False,0.994879961013794,timesformer,ssv2
150400,26,45,8,8,25,span25,False,0.5404462218284607,timesformer,ssv2
162440,27,20,5,8,25,span25,True,0.9941666126251221,timesformer,ssv2
43192,29,53,8,8,25,span25,False,0.9082996845245361,timesformer,ssv2
150400,26,45,8,8,50,span50,False,0.474318265914917,timesformer,ssv2
162440,27,20,8,8,50,span50,True,0.9989725351333618,timesformer,ssv2
43192,29,53,8,8,50,span50,False,0.7579115033149719,timesformer,ssv2
150400,26,45,8,8,75,span75,False,0.9995631575584412,timesformer,ssv2
162440,27,20,8,8,75,span75,True,0.9999524354934692,timesformer,ssv2
43192,29,53,8,8,75,span75,False,0.7725372910499573,timesformer,ssv2
150400,26,45,8,8,100,span100,False,0.9991196990013123,timesformer,ssv2
162440,27,20,8,8,100,span100,True,0.9998160004615784,timesformer,ssv2
43192,29,53,8,8,100,span100,False,0.6119858026504517,timesformer,ssv2
44683,32,59,6,8,10,span10,False,0.9692745804786682,timesformer,ssv2
164129,33,71,7,8,10,span10,False,0.6859445571899414,timesformer,ssv2
185741,34,36,4,8,10,span10,False,0.5157482028007507,timesformer,ssv2
143109,35,62,6,8,10,span10,False,0.5266154408454895,timesformer,ssv2
146477,36,60,6,8,10,span10,True,0.965146541595459,timesformer,ssv2
165840,36,52,5,8,10,span10,True,0.9574188590049744,timesformer,ssv2
140573,37,57,6,8,10,span10,False,0.8928742408752441,timesformer,ssv2
34417,38,63,6,8,10,span10,False,0.7373266220092773,timesformer,ssv2
44683,32,59,8,8,25,span25,False,0.8381928205490112,timesformer,ssv2
164129,33,71,8,8,25,span25,False,0.6312133073806763,timesformer,ssv2
185741,34,36,8,8,25,span25,False,0.4227958619594574,timesformer,ssv2
143109,35,62,8,8,25,span25,False,0.8962701559066772,timesformer,ssv2
146477,36,60,8,8,25,span25,True,0.9994764924049377,timesformer,ssv2
165840,36,52,8,8,25,span25,True,0.9998157620429993,timesformer,ssv2
140573,37,57,8,8,25,span25,False,0.46289658546447754,timesformer,ssv2
34417,38,63,8,8,25,span25,False,0.7725701332092285,timesformer,ssv2
44683,32,59,8,8,50,span50,True,0.50051349401474,timesformer,ssv2
164129,33,71,8,8,50,span50,False,0.5743135809898376,timesformer,ssv2
185741,34,36,8,8,50,span50,False,0.7601531147956848,timesformer,ssv2
143109,35,62,8,8,50,span50,False,0.8015796542167664,timesformer,ssv2
146477,36,60,8,8,50,span50,True,0.9999407529830933,timesformer,ssv2
165840,36,52,8,8,50,span50,True,0.9998817443847656,timesformer,ssv2
140573,37,57,8,8,50,span50,False,0.9486081004142761,timesformer,ssv2
34417,38,63,8,8,50,span50,False,0.7948346138000488,timesformer,ssv2
44683,32,59,8,8,75,span75,True,0.9226280450820923,timesformer,ssv2
164129,33,71,8,8,75,span75,False,0.7843231558799744,timesformer,ssv2
185741,34,36,8,8,75,span75,True,0.6799367666244507,timesformer,ssv2
143109,35,62,8,8,75,span75,False,0.8011813759803772,timesformer,ssv2
146477,36,60,8,8,75,span75,True,0.9999326467514038,timesformer,ssv2
165840,36,52,8,8,75,span75,True,0.9998946189880371,timesformer,ssv2
140573,37,57,8,8,75,span75,False,0.9527080655097961,timesformer,ssv2
34417,38,63,8,8,75,span75,False,0.7533893585205078,timesformer,ssv2
44683,32,59,8,8,100,span100,True,0.9945887327194214,timesformer,ssv2
164129,33,71,8,8,100,span100,False,0.5102031826972961,timesformer,ssv2
185741,34,36,8,8,100,span100,False,0.6169553995132446,timesformer,ssv2
143109,35,62,8,8,100,span100,False,0.9909300208091736,timesformer,ssv2
146477,36,60,8,8,100,span100,True,0.9999366998672485,timesformer,ssv2
165840,36,52,8,8,100,span100,True,0.9998966455459595,timesformer,ssv2
140573,37,57,8,8,100,span100,False,0.9386314153671265,timesformer,ssv2
34417,38,63,8,8,100,span100,False,0.6406329870223999,timesformer,ssv2
29279,38,20,2,8,10,span10,False,0.9073665142059326,timesformer,ssv2
166191,38,68,7,8,10,span10,False,0.7069755792617798,timesformer,ssv2
114961,38,38,4,8,10,span10,False,0.9976736903190613,timesformer,ssv2
113944,39,58,6,8,10,span10,False,0.7736674547195435,timesformer,ssv2
49872,39,71,7,8,10,span10,False,0.9970608353614807,timesformer,ssv2
89232,39,17,2,8,10,span10,False,0.9748727083206177,timesformer,ssv2
80513,39,35,4,8,10,span10,False,0.3993944227695465,timesformer,ssv2
16323,42,31,3,8,10,span10,False,0.969717800617218,timesformer,ssv2
176052,42,35,4,8,10,span10,False,0.7255985140800476,timesformer,ssv2
46605,43,19,2,8,10,span10,False,0.9994012117385864,timesformer,ssv2
138894,43,26,3,8,10,span10,False,0.5487581491470337,timesformer,ssv2
171359,43,20,2,8,10,span10,False,0.9698542356491089,timesformer,ssv2
188511,43,39,4,8,10,span10,False,0.49343207478523254,timesformer,ssv2
160529,44,32,3,8,10,span10,False,0.754761815071106,timesformer,ssv2
62951,44,20,2,8,10,span10,False,0.9946617484092712,timesformer,ssv2
29279,38,20,5,8,25,span25,False,0.4894663691520691,timesformer,ssv2
166191,38,68,8,8,25,span25,False,0.6848203539848328,timesformer,ssv2
114961,38,38,8,8,25,span25,False,0.8665830492973328,timesformer,ssv2
113944,39,58,8,8,25,span25,False,0.9399586319923401,timesformer,ssv2
49872,39,71,8,8,25,span25,False,0.5200278759002686,timesformer,ssv2
89232,39,17,4,8,25,span25,False,0.9774476289749146,timesformer,ssv2
80513,39,35,8,8,25,span25,False,0.40977659821510315,timesformer,ssv2
16323,42,31,8,8,25,span25,False,0.9838780164718628,timesformer,ssv2
176052,42,35,8,8,25,span25,False,0.20334643125534058,timesformer,ssv2
46605,43,19,5,8,25,span25,False,0.9804666638374329,timesformer,ssv2
138894,43,26,6,8,25,span25,False,0.33851855993270874,timesformer,ssv2
171359,43,20,5,8,25,span25,False,0.49233850836753845,timesformer,ssv2
188511,43,39,8,8,25,span25,True,0.9009132981300354,timesformer,ssv2
160529,44,32,8,8,25,span25,True,0.28646475076675415,timesformer,ssv2
62951,44,20,5,8,25,span25,False,0.9763659238815308,timesformer,ssv2
29279,38,20,8,8,50,span50,False,0.746088445186615,timesformer,ssv2
166191,38,68,8,8,50,span50,False,0.5982049703598022,timesformer,ssv2
114961,38,38,8,8,50,span50,False,0.2672848701477051,timesformer,ssv2
113944,39,58,8,8,50,span50,False,0.3578895628452301,timesformer,ssv2
49872,39,71,8,8,50,span50,True,0.41890618205070496,timesformer,ssv2
89232,39,17,8,8,50,span50,False,0.9963887929916382,timesformer,ssv2
80513,39,35,8,8,50,span50,False,0.2891240417957306,timesformer,ssv2
16323,42,31,8,8,50,span50,False,0.8405516743659973,timesformer,ssv2
176052,42,35,8,8,50,span50,True,0.589462161064148,timesformer,ssv2
46605,43,19,8,8,50,span50,False,0.18986839056015015,timesformer,ssv2
138894,43,26,8,8,50,span50,False,0.39591729640960693,timesformer,ssv2
171359,43,20,8,8,50,span50,False,0.5846202373504639,timesformer,ssv2
188511,43,39,8,8,50,span50,True,0.9115293622016907,timesformer,ssv2
160529,44,32,8,8,50,span50,True,0.4958674907684326,timesformer,ssv2
62951,44,20,8,8,50,span50,True,0.9453550577163696,timesformer,ssv2
29279,38,20,8,8,75,span75,False,0.9368143677711487,timesformer,ssv2
166191,38,68,8,8,75,span75,False,0.509564220905304,timesformer,ssv2
114961,38,38,8,8,75,span75,False,0.31177636981010437,timesformer,ssv2
113944,39,58,8,8,75,span75,True,0.3409063518047333,timesformer,ssv2
49872,39,71,8,8,75,span75,False,0.374463826417923,timesformer,ssv2
89232,39,17,8,8,75,span75,False,0.9924551248550415,timesformer,ssv2
80513,39,35,8,8,75,span75,False,0.6901553869247437,timesformer,ssv2
16323,42,31,8,8,75,span75,True,0.333724707365036,timesformer,ssv2
176052,42,35,8,8,75,span75,True,0.8521014451980591,timesformer,ssv2
46605,43,19,8,8,75,span75,False,0.17065344750881195,timesformer,ssv2
138894,43,26,8,8,75,span75,False,0.5811210870742798,timesformer,ssv2
171359,43,20,8,8,75,span75,False,0.30265751481056213,timesformer,ssv2
188511,43,39,8,8,75,span75,True,0.7626539468765259,timesformer,ssv2
160529,44,32,8,8,75,span75,True,0.3330920934677124,timesformer,ssv2
62951,44,20,8,8,75,span75,True,0.9681088328361511,timesformer,ssv2
29279,38,20,8,8,100,span100,False,0.8257883787155151,timesformer,ssv2
166191,38,68,8,8,100,span100,False,0.3846017122268677,timesformer,ssv2
114961,38,38,8,8,100,span100,False,0.17855721712112427,timesformer,ssv2
113944,39,58,8,8,100,span100,False,0.32221630215644836,timesformer,ssv2
49872,39,71,8,8,100,span100,False,0.30229079723358154,timesformer,ssv2
89232,39,17,8,8,100,span100,False,0.9704558849334717,timesformer,ssv2
80513,39,35,8,8,100,span100,False,0.40836799144744873,timesformer,ssv2
16323,42,31,8,8,100,span100,True,0.791388988494873,timesformer,ssv2
176052,42,35,8,8,100,span100,False,0.6810821294784546,timesformer,ssv2
46605,43,19,8,8,100,span100,False,0.37069064378738403,timesformer,ssv2
138894,43,26,8,8,100,span100,False,0.715166449546814,timesformer,ssv2
171359,43,20,8,8,100,span100,False,0.6114627718925476,timesformer,ssv2
188511,43,39,8,8,100,span100,False,0.4223002791404724,timesformer,ssv2
160529,44,32,8,8,100,span100,False,0.21503806114196777,timesformer,ssv2
62951,44,20,8,8,100,span100,True,0.995314359664917,timesformer,ssv2
25092,45,36,4,8,10,span10,False,0.9968879818916321,timesformer,ssv2
116582,45,35,4,8,10,span10,False,0.6422862410545349,timesformer,ssv2
33170,46,63,6,8,10,span10,False,0.9513093829154968,timesformer,ssv2
81817,46,55,6,8,10,span10,False,0.39516326785087585,timesformer,ssv2
67287,46,57,6,8,10,span10,False,0.8848288059234619,timesformer,ssv2
107646,48,65,6,8,10,span10,False,0.5058179497718811,timesformer,ssv2
9675,49,64,6,8,10,span10,False,0.5920942425727844,timesformer,ssv2
5398,49,47,5,8,10,span10,True,0.9881283640861511,timesformer,ssv2
100240,50,47,5,8,10,span10,False,0.5441120862960815,timesformer,ssv2
164596,51,58,6,8,10,span10,False,0.933498203754425,timesformer,ssv2
25092,45,36,8,8,25,span25,True,0.5789613723754883,timesformer,ssv2
116582,45,35,8,8,25,span25,False,0.4148363769054413,timesformer,ssv2
33170,46,63,8,8,25,span25,False,0.918832004070282,timesformer,ssv2
81817,46,55,8,8,25,span25,False,0.438495010137558,timesformer,ssv2
67287,46,57,8,8,25,span25,False,0.21746063232421875,timesformer,ssv2
107646,48,65,8,8,25,span25,False,0.7356786727905273,timesformer,ssv2
9675,49,64,8,8,25,span25,True,0.7956170439720154,timesformer,ssv2
5398,49,47,8,8,25,span25,True,0.8123966455459595,timesformer,ssv2
100240,50,47,8,8,25,span25,False,0.24729615449905396,timesformer,ssv2
164596,51,58,8,8,25,span25,False,0.5062400102615356,timesformer,ssv2
25092,45,36,8,8,50,span50,True,0.5917508006095886,timesformer,ssv2
116582,45,35,8,8,50,span50,False,0.623357892036438,timesformer,ssv2
33170,46,63,8,8,50,span50,False,0.9331855177879333,timesformer,ssv2
81817,46,55,8,8,50,span50,False,0.5565218329429626,timesformer,ssv2
67287,46,57,8,8,50,span50,False,0.21287617087364197,timesformer,ssv2
107646,48,65,8,8,50,span50,False,0.9680841565132141,timesformer,ssv2
9675,49,64,8,8,50,span50,False,0.3006177842617035,timesformer,ssv2
5398,49,47,8,8,50,span50,True,0.9277001619338989,timesformer,ssv2
100240,50,47,8,8,50,span50,False,0.6199329495429993,timesformer,ssv2
164596,51,58,8,8,50,span50,True,0.588966965675354,timesformer,ssv2
25092,45,36,8,8,75,span75,True,0.9498915076255798,timesformer,ssv2
116582,45,35,8,8,75,span75,False,0.38657835125923157,timesformer,ssv2
33170,46,63,8,8,75,span75,False,0.9752791523933411,timesformer,ssv2
81817,46,55,8,8,75,span75,False,0.5205294489860535,timesformer,ssv2
67287,46,57,8,8,75,span75,False,0.3636226952075958,timesformer,ssv2
107646,48,65,8,8,75,span75,False,0.2170688807964325,timesformer,ssv2
9675,49,64,8,8,75,span75,False,0.6245821714401245,timesformer,ssv2
5398,49,47,8,8,75,span75,True,0.998542070388794,timesformer,ssv2
100240,50,47,8,8,75,span75,True,0.4610113203525543,timesformer,ssv2
164596,51,58,8,8,75,span75,True,0.7523924112319946,timesformer,ssv2
25092,45,36,8,8,100,span100,True,0.9278941750526428,timesformer,ssv2
116582,45,35,8,8,100,span100,False,0.2676023840904236,timesformer,ssv2
33170,46,63,8,8,100,span100,False,0.9965118765830994,timesformer,ssv2
81817,46,55,8,8,100,span100,False,0.3914829194545746,timesformer,ssv2
67287,46,57,8,8,100,span100,False,0.1600305736064911,timesformer,ssv2
107646,48,65,8,8,100,span100,False,0.5920379757881165,timesformer,ssv2
9675,49,64,8,8,100,span100,False,0.7964275479316711,timesformer,ssv2
5398,49,47,8,8,100,span100,True,0.9995593428611755,timesformer,ssv2
100240,50,47,8,8,100,span100,False,0.6713970303535461,timesformer,ssv2
164596,51,58,8,8,100,span100,False,0.5361743569374084,timesformer,ssv2
24959,52,14,1,8,10,span10,False,0.9283539056777954,timesformer,ssv2
169688,52,43,4,8,10,span10,False,0.2481151670217514,timesformer,ssv2
54990,53,18,2,8,10,span10,False,0.6995234489440918,timesformer,ssv2
120822,55,14,1,8,10,span10,False,0.730354905128479,timesformer,ssv2
187046,55,16,2,8,10,span10,False,0.9691010117530823,timesformer,ssv2
53135,55,40,4,8,10,span10,False,0.44861385226249695,timesformer,ssv2
183763,56,60,6,8,10,span10,False,0.5694255232810974,timesformer,ssv2
108285,56,42,4,8,10,span10,False,0.9934520721435547,timesformer,ssv2
92927,56,51,5,8,10,span10,False,0.5476453900337219,timesformer,ssv2
24959,52,14,4,8,25,span25,False,0.25280338525772095,timesformer,ssv2
169688,52,43,8,8,25,span25,False,0.313227117061615,timesformer,ssv2
54990,53,18,4,8,25,span25,False,0.5166226029396057,timesformer,ssv2
120822,55,14,4,8,25,span25,False,0.8120225667953491,timesformer,ssv2
187046,55,16,4,8,25,span25,False,0.2471185177564621,timesformer,ssv2
53135,55,40,8,8,25,span25,False,0.6656720042228699,timesformer,ssv2
183763,56,60,8,8,25,span25,True,0.8912945985794067,timesformer,ssv2
108285,56,42,8,8,25,span25,False,0.9854228496551514,timesformer,ssv2
92927,56,51,8,8,25,span25,False,0.4295918345451355,timesformer,ssv2
24959,52,14,7,8,50,span50,False,0.7174475789070129,timesformer,ssv2
169688,52,43,8,8,50,span50,False,0.3833489716053009,timesformer,ssv2
54990,53,18,8,8,50,span50,False,0.8915815353393555,timesformer,ssv2
120822,55,14,7,8,50,span50,False,0.5198781490325928,timesformer,ssv2
187046,55,16,8,8,50,span50,False,0.5373362898826599,timesformer,ssv2
53135,55,40,8,8,50,span50,False,0.8931950330734253,timesformer,ssv2
183763,56,60,8,8,50,span50,False,0.1842198520898819,timesformer,ssv2
108285,56,42,8,8,50,span50,False,0.9276593923568726,timesformer,ssv2
92927,56,51,8,8,50,span50,True,0.5254295468330383,timesformer,ssv2
24959,52,14,8,8,75,span75,True,0.9396511912345886,timesformer,ssv2
169688,52,43,8,8,75,span75,False,0.6734567284584045,timesformer,ssv2
54990,53,18,8,8,75,span75,False,0.9273145794868469,timesformer,ssv2
120822,55,14,8,8,75,span75,False,0.4644053280353546,timesformer,ssv2
187046,55,16,8,8,75,span75,False,0.8652597069740295,timesformer,ssv2
53135,55,40,8,8,75,span75,False,0.9623814225196838,timesformer,ssv2
183763,56,60,8,8,75,span75,False,0.527449905872345,timesformer,ssv2
108285,56,42,8,8,75,span75,False,0.48259466886520386,timesformer,ssv2
92927,56,51,8,8,75,span75,True,0.8987906575202942,timesformer,ssv2
24959,52,14,8,8,100,span100,True,0.8826649785041809,timesformer,ssv2
169688,52,43,8,8,100,span100,False,0.8449675440788269,timesformer,ssv2
54990,53,18,8,8,100,span100,False,0.9505374431610107,timesformer,ssv2
120822,55,14,8,8,100,span100,False,0.48768800497055054,timesformer,ssv2
187046,55,16,8,8,100,span100,False,0.7245461344718933,timesformer,ssv2
53135,55,40,8,8,100,span100,False,0.8043603301048279,timesformer,ssv2
183763,56,60,8,8,100,span100,False,0.45675042271614075,timesformer,ssv2
108285,56,42,8,8,100,span100,False,0.4433613717556,timesformer,ssv2
92927,56,51,8,8,100,span100,True,0.955254852771759,timesformer,ssv2
25632,58,44,4,8,10,span10,False,0.9994439482688904,timesformer,ssv2
102916,59,63,6,8,10,span10,True,0.9959526062011719,timesformer,ssv2
67859,60,55,6,8,10,span10,False,0.9658508896827698,timesformer,ssv2
91176,60,49,5,8,10,span10,False,0.9965134263038635,timesformer,ssv2
27476,61,52,5,8,10,span10,True,0.4214441478252411,timesformer,ssv2
25632,58,44,8,8,25,span25,False,0.9966381788253784,timesformer,ssv2
102916,59,63,8,8,25,span25,True,0.9922972321510315,timesformer,ssv2
67859,60,55,8,8,25,span25,False,0.9927768707275391,timesformer,ssv2
91176,60,49,8,8,25,span25,False,0.8243228793144226,timesformer,ssv2
27476,61,52,8,8,25,span25,False,0.7755066156387329,timesformer,ssv2
25632,58,44,8,8,50,span50,False,0.9965534210205078,timesformer,ssv2
102916,59,63,8,8,50,span50,True,0.9608054757118225,timesformer,ssv2
67859,60,55,8,8,50,span50,False,0.991338849067688,timesformer,ssv2
91176,60,49,8,8,50,span50,False,0.9995918869972229,timesformer,ssv2
27476,61,52,8,8,50,span50,False,0.9693311452865601,timesformer,ssv2
25632,58,44,8,8,75,span75,False,0.9498405456542969,timesformer,ssv2
102916,59,63,8,8,75,span75,True,0.9821419715881348,timesformer,ssv2
67859,60,55,8,8,75,span75,False,0.795214056968689,timesformer,ssv2
91176,60,49,8,8,75,span75,False,0.997383177280426,timesformer,ssv2
27476,61,52,8,8,75,span75,False,0.9937740564346313,timesformer,ssv2
25632,58,44,8,8,100,span100,False,0.8059872984886169,timesformer,ssv2
102916,59,63,8,8,100,span100,True,0.9993852376937866,timesformer,ssv2
67859,60,55,8,8,100,span100,False,0.9764507412910461,timesformer,ssv2
91176,60,49,8,8,100,span100,False,0.2401975691318512,timesformer,ssv2
27476,61,52,8,8,100,span100,False,0.9832918047904968,timesformer,ssv2
72791,65,30,3,8,10,span10,False,0.815642774105072,timesformer,ssv2
197070,66,67,7,8,10,span10,False,0.9473668932914734,timesformer,ssv2
182404,68,18,2,8,10,span10,False,0.8102840185165405,timesformer,ssv2
161343,68,50,5,8,10,span10,False,0.7213653922080994,timesformer,ssv2
212458,70,14,1,8,10,span10,False,0.6030827760696411,timesformer,ssv2
72791,65,30,8,8,25,span25,False,0.13908466696739197,timesformer,ssv2
197070,66,67,8,8,25,span25,False,0.8889492750167847,timesformer,ssv2
182404,68,18,4,8,25,span25,False,0.961961567401886,timesformer,ssv2
161343,68,50,8,8,25,span25,True,0.6072496771812439,timesformer,ssv2
212458,70,14,4,8,25,span25,False,0.38957682251930237,timesformer,ssv2
72791,65,30,8,8,50,span50,False,0.5546828508377075,timesformer,ssv2
197070,66,67,8,8,50,span50,False,0.6955211162567139,timesformer,ssv2
182404,68,18,8,8,50,span50,False,0.7321463823318481,timesformer,ssv2
161343,68,50,8,8,50,span50,True,0.4500923156738281,timesformer,ssv2
212458,70,14,7,8,50,span50,False,0.5331771969795227,timesformer,ssv2
72791,65,30,8,8,75,span75,False,0.6938446164131165,timesformer,ssv2
197070,66,67,8,8,75,span75,False,0.8912754654884338,timesformer,ssv2
182404,68,18,8,8,75,span75,True,0.8248071670532227,timesformer,ssv2
161343,68,50,8,8,75,span75,True,0.9206580519676208,timesformer,ssv2
212458,70,14,8,8,75,span75,False,0.5352851152420044,timesformer,ssv2
72791,65,30,8,8,100,span100,False,0.1817951202392578,timesformer,ssv2
197070,66,67,8,8,100,span100,False,0.6196924448013306,timesformer,ssv2
182404,68,18,8,8,100,span100,True,0.587999165058136,timesformer,ssv2
161343,68,50,8,8,100,span100,True,0.8188242316246033,timesformer,ssv2
212458,70,14,8,8,100,span100,False,0.31128978729248047,timesformer,ssv2
91923,71,18,2,8,10,span10,False,0.9303457140922546,timesformer,ssv2
175235,71,71,7,8,10,span10,False,0.17279864847660065,timesformer,ssv2
23643,71,37,4,8,10,span10,False,0.6662893891334534,timesformer,ssv2
89540,73,47,5,8,10,span10,False,0.9903572201728821,timesformer,ssv2
188748,75,69,7,8,10,span10,False,0.8677355647087097,timesformer,ssv2
128360,76,50,5,8,10,span10,False,0.2833133935928345,timesformer,ssv2
91923,71,18,4,8,25,span25,False,0.17455680668354034,timesformer,ssv2
175235,71,71,8,8,25,span25,False,0.2921655774116516,timesformer,ssv2
23643,71,37,8,8,25,span25,False,0.29912659525871277,timesformer,ssv2
89540,73,47,8,8,25,span25,True,0.9207308888435364,timesformer,ssv2
188748,75,69,8,8,25,span25,False,0.3543541729450226,timesformer,ssv2
128360,76,50,8,8,25,span25,False,0.7672956585884094,timesformer,ssv2
91923,71,18,8,8,50,span50,False,0.12533606588840485,timesformer,ssv2
175235,71,71,8,8,50,span50,False,0.2937210202217102,timesformer,ssv2
23643,71,37,8,8,50,span50,False,0.7653173804283142,timesformer,ssv2
89540,73,47,8,8,50,span50,True,0.8410136103630066,timesformer,ssv2
188748,75,69,8,8,50,span50,False,0.21324291825294495,timesformer,ssv2
128360,76,50,8,8,50,span50,False,0.9495928287506104,timesformer,ssv2
91923,71,18,8,8,75,span75,False,0.2006039321422577,timesformer,ssv2
175235,71,71,8,8,75,span75,False,0.318921834230423,timesformer,ssv2
23643,71,37,8,8,75,span75,False,0.7905396223068237,timesformer,ssv2
89540,73,47,8,8,75,span75,True,0.9963598847389221,timesformer,ssv2
188748,75,69,8,8,75,span75,False,0.7368200421333313,timesformer,ssv2
128360,76,50,8,8,75,span75,False,0.40098536014556885,timesformer,ssv2
91923,71,18,8,8,100,span100,False,0.49686238169670105,timesformer,ssv2
175235,71,71,8,8,100,span100,False,0.906923770904541,timesformer,ssv2
23643,71,37,8,8,100,span100,False,0.987996518611908,timesformer,ssv2
89540,73,47,8,8,100,span100,True,0.6931224465370178,timesformer,ssv2
188748,75,69,8,8,100,span100,False,0.2424849569797516,timesformer,ssv2
128360,76,50,8,8,100,span100,False,0.9658981561660767,timesformer,ssv2
81176,78,20,2,8,10,span10,False,0.26649293303489685,timesformer,ssv2
59065,78,49,5,8,10,span10,True,0.9141477942466736,timesformer,ssv2
198300,80,36,4,8,10,span10,False,0.9602723717689514,timesformer,ssv2
699,80,46,5,8,10,span10,False,0.9364139437675476,timesformer,ssv2
145051,80,63,6,8,10,span10,False,0.9989367127418518,timesformer,ssv2
76402,81,64,6,8,10,span10,False,0.9941409230232239,timesformer,ssv2
159601,83,15,2,8,10,span10,False,0.9923985600471497,timesformer,ssv2
81176,78,20,5,8,25,span25,False,0.35149693489074707,timesformer,ssv2
59065,78,49,8,8,25,span25,True,0.6624082326889038,timesformer,ssv2
198300,80,36,8,8,25,span25,False,0.1811261773109436,timesformer,ssv2
699,80,46,8,8,25,span25,False,0.9423360824584961,timesformer,ssv2
145051,80,63,8,8,25,span25,False,0.9716031551361084,timesformer,ssv2
76402,81,64,8,8,25,span25,False,0.9958838820457458,timesformer,ssv2
159601,83,15,4,8,25,span25,False,0.8448584675788879,timesformer,ssv2
81176,78,20,8,8,50,span50,False,0.570593535900116,timesformer,ssv2
59065,78,49,8,8,50,span50,True,0.7572627663612366,timesformer,ssv2
198300,80,36,8,8,50,span50,False,0.544446587562561,timesformer,ssv2
699,80,46,8,8,50,span50,True,0.980776846408844,timesformer,ssv2
145051,80,63,8,8,50,span50,False,0.8228951692581177,timesformer,ssv2
76402,81,64,8,8,50,span50,True,0.6247145533561707,timesformer,ssv2
159601,83,15,8,8,50,span50,False,0.28817951679229736,timesformer,ssv2
81176,78,20,8,8,75,span75,False,0.42322981357574463,timesformer,ssv2
59065,78,49,8,8,75,span75,True,0.5248430371284485,timesformer,ssv2
198300,80,36,8,8,75,span75,False,0.5988065004348755,timesformer,ssv2
699,80,46,8,8,75,span75,True,0.9938609600067139,timesformer,ssv2
145051,80,63,8,8,75,span75,False,0.72127765417099,timesformer,ssv2
76402,81,64,8,8,75,span75,True,0.9928069114685059,timesformer,ssv2
159601,83,15,8,8,75,span75,True,0.7338390350341797,timesformer,ssv2
81176,78,20,8,8,100,span100,False,0.45689186453819275,timesformer,ssv2
59065,78,49,8,8,100,span100,False,0.9224562048912048,timesformer,ssv2
198300,80,36,8,8,100,span100,False,0.5163918137550354,timesformer,ssv2
699,80,46,8,8,100,span100,True,0.9637448787689209,timesformer,ssv2
145051,80,63,8,8,100,span100,False,0.25616905093193054,timesformer,ssv2
76402,81,64,8,8,100,span100,True,0.9993070363998413,timesformer,ssv2
159601,83,15,8,8,100,span100,True,0.9727871417999268,timesformer,ssv2
28577,84,32,3,8,10,span10,False,0.8527222275733948,timesformer,ssv2
56273,84,55,6,8,10,span10,False,0.38103586435317993,timesformer,ssv2
92550,84,46,5,8,10,span10,False,0.7462782263755798,timesformer,ssv2
141375,86,66,7,8,10,span10,False,0.9987478256225586,timesformer,ssv2
52704,86,36,4,8,10,span10,False,0.3409431576728821,timesformer,ssv2
14731,87,20,2,8,10,span10,False,0.6877735257148743,timesformer,ssv2
79254,89,50,5,8,10,span10,False,0.16404326260089874,timesformer,ssv2
28577,84,32,8,8,25,span25,False,0.929938793182373,timesformer,ssv2
56273,84,55,8,8,25,span25,False,0.36069780588150024,timesformer,ssv2
92550,84,46,8,8,25,span25,False,0.41057687997817993,timesformer,ssv2
141375,86,66,8,8,25,span25,False,0.609523594379425,timesformer,ssv2
52704,86,36,8,8,25,span25,False,0.33473676443099976,timesformer,ssv2
14731,87,20,5,8,25,span25,False,0.24871040880680084,timesformer,ssv2
79254,89,50,8,8,25,span25,False,0.6820763349533081,timesformer,ssv2
28577,84,32,8,8,50,span50,False,0.6719988584518433,timesformer,ssv2
56273,84,55,8,8,50,span50,False,0.3859543204307556,timesformer,ssv2
92550,84,46,8,8,50,span50,False,0.5258689522743225,timesformer,ssv2
141375,86,66,8,8,50,span50,False,0.8521908521652222,timesformer,ssv2
52704,86,36,8,8,50,span50,False,0.42430412769317627,timesformer,ssv2
14731,87,20,8,8,50,span50,False,0.30595770478248596,timesformer,ssv2
79254,89,50,8,8,50,span50,False,0.6353815793991089,timesformer,ssv2
28577,84,32,8,8,75,span75,False,0.6704690456390381,timesformer,ssv2
56273,84,55,8,8,75,span75,True,0.659087598323822,timesformer,ssv2
92550,84,46,8,8,75,span75,False,0.24937328696250916,timesformer,ssv2
141375,86,66,8,8,75,span75,False,0.9259634017944336,timesformer,ssv2
52704,86,36,8,8,75,span75,False,0.5521829724311829,timesformer,ssv2
14731,87,20,8,8,75,span75,False,0.6481532454490662,timesformer,ssv2
79254,89,50,8,8,75,span75,False,0.08010382950305939,timesformer,ssv2
28577,84,32,8,8,100,span100,False,0.8871477246284485,timesformer,ssv2
56273,84,55,8,8,100,span100,True,0.5683519244194031,timesformer,ssv2
92550,84,46,8,8,100,span100,False,0.7903902530670166,timesformer,ssv2
141375,86,66,8,8,100,span100,False,0.9484727382659912,timesformer,ssv2
52704,86,36,8,8,100,span100,False,0.7666807174682617,timesformer,ssv2
14731,87,20,8,8,100,span100,True,0.42743977904319763,timesformer,ssv2
79254,89,50,8,8,100,span100,False,0.17495238780975342,timesformer,ssv2
34441,90,63,6,8,10,span10,True,0.668818473815918,timesformer,ssv2
98202,90,42,4,8,10,span10,True,0.7972484827041626,timesformer,ssv2
148408,90,71,7,8,10,span10,True,0.4843001961708069,timesformer,ssv2
177810,94,17,2,8,10,span10,False,0.9678307175636292,timesformer,ssv2
87275,94,46,5,8,10,span10,False,0.993378221988678,timesformer,ssv2
33701,95,38,4,8,10,span10,False,0.9032361507415771,timesformer,ssv2
177854,95,61,6,8,10,span10,False,0.5131157040596008,timesformer,ssv2
34441,90,63,8,8,25,span25,False,0.5769360661506653,timesformer,ssv2
98202,90,42,8,8,25,span25,True,0.8705101013183594,timesformer,ssv2
148408,90,71,8,8,25,span25,True,0.9635329842567444,timesformer,ssv2
177810,94,17,4,8,25,span25,False,0.9283947348594666,timesformer,ssv2
87275,94,46,8,8,25,span25,True,0.9177818894386292,timesformer,ssv2
33701,95,38,8,8,25,span25,True,0.3498607277870178,timesformer,ssv2
177854,95,61,8,8,25,span25,False,0.41117024421691895,timesformer,ssv2
34441,90,63,8,8,50,span50,True,0.531578779220581,timesformer,ssv2
98202,90,42,8,8,50,span50,True,0.9378658533096313,timesformer,ssv2
148408,90,71,8,8,50,span50,True,0.9807267785072327,timesformer,ssv2
177810,94,17,8,8,50,span50,False,0.35180413722991943,timesformer,ssv2
87275,94,46,8,8,50,span50,True,0.9998131394386292,timesformer,ssv2
33701,95,38,8,8,50,span50,True,0.9612659215927124,timesformer,ssv2
177854,95,61,8,8,50,span50,False,0.1659146249294281,timesformer,ssv2
34441,90,63,8,8,75,span75,True,0.9602202773094177,timesformer,ssv2
98202,90,42,8,8,75,span75,True,0.9184548258781433,timesformer,ssv2
148408,90,71,8,8,75,span75,True,0.9586619138717651,timesformer,ssv2
177810,94,17,8,8,75,span75,False,0.17169104516506195,timesformer,ssv2
87275,94,46,8,8,75,span75,True,0.9997240900993347,timesformer,ssv2
33701,95,38,8,8,75,span75,True,0.9744299054145813,timesformer,ssv2
177854,95,61,8,8,75,span75,False,0.2621289789676666,timesformer,ssv2
34441,90,63,8,8,100,span100,True,0.8930061459541321,timesformer,ssv2
98202,90,42,8,8,100,span100,True,0.8691887259483337,timesformer,ssv2
148408,90,71,8,8,100,span100,True,0.9923156499862671,timesformer,ssv2
177810,94,17,8,8,100,span100,False,0.47289329767227173,timesformer,ssv2
87275,94,46,8,8,100,span100,True,0.9939378499984741,timesformer,ssv2
33701,95,38,8,8,100,span100,True,0.9750760197639465,timesformer,ssv2
177854,95,61,8,8,100,span100,False,0.9636699557304382,timesformer,ssv2
92623,96,11,1,8,10,span10,False,0.15985269844532013,timesformer,ssv2
18088,97,34,3,8,10,span10,False,0.43878301978111267,timesformer,ssv2
7247,98,15,2,8,10,span10,False,0.5095078349113464,timesformer,ssv2
49632,100,37,4,8,10,span10,False,0.5055114030838013,timesformer,ssv2
18455,102,64,6,8,10,span10,False,0.7833462357521057,timesformer,ssv2
65274,102,52,5,8,10,span10,False,0.3661980926990509,timesformer,ssv2
89512,102,19,2,8,10,span10,False,0.9568420052528381,timesformer,ssv2
92623,96,11,3,8,25,span25,False,0.4629210829734802,timesformer,ssv2
18088,97,34,8,8,25,span25,False,0.9347173571586609,timesformer,ssv2
7247,98,15,4,8,25,span25,False,0.4316531717777252,timesformer,ssv2
49632,100,37,8,8,25,span25,False,0.5926641225814819,timesformer,ssv2
18455,102,64,8,8,25,span25,False,0.9665490984916687,timesformer,ssv2
65274,102,52,8,8,25,span25,False,0.8149877190589905,timesformer,ssv2
89512,102,19,5,8,25,span25,False,0.16850045323371887,timesformer,ssv2
92623,96,11,6,8,50,span50,False,0.1818818897008896,timesformer,ssv2
18088,97,34,8,8,50,span50,False,0.2684617340564728,timesformer,ssv2
7247,98,15,8,8,50,span50,True,0.5970202684402466,timesformer,ssv2
49632,100,37,8,8,50,span50,False,0.1406157910823822,timesformer,ssv2
18455,102,64,8,8,50,span50,False,0.9672343730926514,timesformer,ssv2
65274,102,52,8,8,50,span50,False,0.993821382522583,timesformer,ssv2
89512,102,19,8,8,50,span50,False,0.7421565651893616,timesformer,ssv2
92623,96,11,8,8,75,span75,False,0.248750701546669,timesformer,ssv2
18088,97,34,8,8,75,span75,False,0.8828036785125732,timesformer,ssv2
7247,98,15,8,8,75,span75,True,0.9302641749382019,timesformer,ssv2
49632,100,37,8,8,75,span75,False,0.24755646288394928,timesformer,ssv2
18455,102,64,8,8,75,span75,False,0.9988608360290527,timesformer,ssv2
65274,102,52,8,8,75,span75,False,0.9977067708969116,timesformer,ssv2
89512,102,19,8,8,75,span75,False,0.4214693307876587,timesformer,ssv2
92623,96,11,8,8,100,span100,False,0.4183901250362396,timesformer,ssv2
18088,97,34,8,8,100,span100,False,0.9370155334472656,timesformer,ssv2
7247,98,15,8,8,100,span100,True,0.9390653371810913,timesformer,ssv2
49632,100,37,8,8,100,span100,True,0.6737850308418274,timesformer,ssv2
18455,102,64,8,8,100,span100,False,0.7817649245262146,timesformer,ssv2
65274,102,52,8,8,100,span100,False,0.9970689415931702,timesformer,ssv2
89512,102,19,8,8,100,span100,False,0.5117976069450378,timesformer,ssv2
63879,103,52,5,8,10,span10,False,0.1545180082321167,timesformer,ssv2
43923,103,53,5,8,10,span10,False,0.9799846410751343,timesformer,ssv2
212065,104,56,6,8,10,span10,False,0.960316002368927,timesformer,ssv2
81162,104,43,4,8,10,span10,False,0.9996846914291382,timesformer,ssv2
79026,104,17,2,8,10,span10,False,0.8426976203918457,timesformer,ssv2
72315,105,56,6,8,10,span10,False,0.32189807295799255,timesformer,ssv2
63879,103,52,8,8,25,span25,False,0.6031986474990845,timesformer,ssv2
43923,103,53,8,8,25,span25,False,0.5070306062698364,timesformer,ssv2
212065,104,56,8,8,25,span25,False,0.5619385242462158,timesformer,ssv2
81162,104,43,8,8,25,span25,False,0.9997082352638245,timesformer,ssv2
79026,104,17,4,8,25,span25,False,0.43709036707878113,timesformer,ssv2
72315,105,56,8,8,25,span25,False,0.6034097075462341,timesformer,ssv2
63879,103,52,8,8,50,span50,False,0.9852871894836426,timesformer,ssv2
43923,103,53,8,8,50,span50,False,0.49549901485443115,timesformer,ssv2
212065,104,56,8,8,50,span50,False,0.9340927600860596,timesformer,ssv2
81162,104,43,8,8,50,span50,False,0.9964068531990051,timesformer,ssv2
79026,104,17,8,8,50,span50,False,0.2627788186073303,timesformer,ssv2
72315,105,56,8,8,50,span50,False,0.4425366520881653,timesformer,ssv2
63879,103,52,8,8,75,span75,False,0.7414032220840454,timesformer,ssv2
43923,103,53,8,8,75,span75,False,0.7547045946121216,timesformer,ssv2
212065,104,56,8,8,75,span75,False,0.7298141121864319,timesformer,ssv2
81162,104,43,8,8,75,span75,True,0.993172824382782,timesformer,ssv2
79026,104,17,8,8,75,span75,False,0.3459470570087433,timesformer,ssv2
72315,105,56,8,8,75,span75,False,0.28299352526664734,timesformer,ssv2
63879,103,52,8,8,100,span100,True,0.6493533849716187,timesformer,ssv2
43923,103,53,8,8,100,span100,True,0.9161668419837952,timesformer,ssv2
212065,104,56,8,8,100,span100,True,0.7966489195823669,timesformer,ssv2
81162,104,43,8,8,100,span100,True,0.9879355430603027,timesformer,ssv2
79026,104,17,8,8,100,span100,False,0.6281442046165466,timesformer,ssv2
72315,105,56,8,8,100,span100,False,0.5520430207252502,timesformer,ssv2
217714,110,19,2,8,10,span10,False,0.34375128149986267,timesformer,ssv2
175034,111,33,3,8,10,span10,False,0.2787441909313202,timesformer,ssv2
185497,113,18,2,8,10,span10,False,0.6231369972229004,timesformer,ssv2
217714,110,19,5,8,25,span25,False,0.40887072682380676,timesformer,ssv2
175034,111,33,8,8,25,span25,False,0.2096233367919922,timesformer,ssv2
185497,113,18,4,8,25,span25,False,0.47095388174057007,timesformer,ssv2
217714,110,19,8,8,50,span50,False,0.6207276582717896,timesformer,ssv2
175034,111,33,8,8,50,span50,False,0.7713276147842407,timesformer,ssv2
185497,113,18,8,8,50,span50,False,0.7869902849197388,timesformer,ssv2
217714,110,19,8,8,75,span75,False,0.582720935344696,timesformer,ssv2
175034,111,33,8,8,75,span75,False,0.6335954666137695,timesformer,ssv2
185497,113,18,8,8,75,span75,False,0.14032188057899475,timesformer,ssv2
217714,110,19,8,8,100,span100,False,0.5180788636207581,timesformer,ssv2
175034,111,33,8,8,100,span100,False,0.4759218394756317,timesformer,ssv2
185497,113,18,8,8,100,span100,False,0.37626662850379944,timesformer,ssv2
26202,116,53,5,8,10,span10,False,0.24900467693805695,timesformer,ssv2
153575,117,48,5,8,10,span10,False,0.7373220324516296,timesformer,ssv2
69208,118,54,5,8,10,span10,False,0.5170863270759583,timesformer,ssv2
124129,118,67,7,8,10,span10,False,0.6943657994270325,timesformer,ssv2
36063,119,26,3,8,10,span10,False,0.2444499135017395,timesformer,ssv2
185409,122,17,2,8,10,span10,False,0.9860031604766846,timesformer,ssv2
146645,122,17,2,8,10,span10,False,0.6059797406196594,timesformer,ssv2
26202,116,53,8,8,25,span25,False,0.9365423321723938,timesformer,ssv2
153575,117,48,8,8,25,span25,False,0.8346763849258423,timesformer,ssv2
69208,118,54,8,8,25,span25,False,0.865283727645874,timesformer,ssv2
124129,118,67,8,8,25,span25,False,0.6532853245735168,timesformer,ssv2
36063,119,26,6,8,25,span25,False,0.48249223828315735,timesformer,ssv2
185409,122,17,4,8,25,span25,False,0.9907141923904419,timesformer,ssv2
146645,122,17,4,8,25,span25,False,0.5809218287467957,timesformer,ssv2
26202,116,53,8,8,50,span50,False,0.7401329278945923,timesformer,ssv2
153575,117,48,8,8,50,span50,True,0.603937566280365,timesformer,ssv2
69208,118,54,8,8,50,span50,False,0.23640424013137817,timesformer,ssv2
124129,118,67,8,8,50,span50,False,0.22357706725597382,timesformer,ssv2
36063,119,26,8,8,50,span50,False,0.470626562833786,timesformer,ssv2
185409,122,17,8,8,50,span50,False,0.5930578708648682,timesformer,ssv2
146645,122,17,8,8,50,span50,True,0.5608912110328674,timesformer,ssv2
26202,116,53,8,8,75,span75,False,0.6595785617828369,timesformer,ssv2
153575,117,48,8,8,75,span75,True,0.500021755695343,timesformer,ssv2
69208,118,54,8,8,75,span75,True,0.3106893002986908,timesformer,ssv2
124129,118,67,8,8,75,span75,True,0.24048098921775818,timesformer,ssv2
36063,119,26,8,8,75,span75,False,0.9292248487472534,timesformer,ssv2
185409,122,17,8,8,75,span75,False,0.9535890221595764,timesformer,ssv2
146645,122,17,8,8,75,span75,True,0.7350488305091858,timesformer,ssv2
26202,116,53,8,8,100,span100,False,0.6313517689704895,timesformer,ssv2
153575,117,48,8,8,100,span100,True,0.9106844067573547,timesformer,ssv2
69208,118,54,8,8,100,span100,True,0.13401158154010773,timesformer,ssv2
124129,118,67,8,8,100,span100,False,0.5420367121696472,timesformer,ssv2
36063,119,26,8,8,100,span100,False,0.9636155962944031,timesformer,ssv2
185409,122,17,8,8,100,span100,False,0.8921332955360413,timesformer,ssv2
146645,122,17,8,8,100,span100,True,0.8495919704437256,timesformer,ssv2
24550,123,49,5,8,10,span10,False,0.6879467964172363,timesformer,ssv2
114755,123,15,2,8,10,span10,False,0.38852107524871826,timesformer,ssv2
128802,124,50,5,8,10,span10,False,0.9974229335784912,timesformer,ssv2
24550,123,49,8,8,25,span25,False,0.6235012412071228,timesformer,ssv2
114755,123,15,4,8,25,span25,False,0.5273512005805969,timesformer,ssv2
128802,124,50,8,8,25,span25,False,0.5278803110122681,timesformer,ssv2
24550,123,49,8,8,50,span50,False,0.4906449615955353,timesformer,ssv2
114755,123,15,8,8,50,span50,False,0.1953955590724945,timesformer,ssv2
128802,124,50,8,8,50,span50,False,0.6105501055717468,timesformer,ssv2
24550,123,49,8,8,75,span75,False,0.9473792910575867,timesformer,ssv2
114755,123,15,8,8,75,span75,False,0.8232144713401794,timesformer,ssv2
128802,124,50,8,8,75,span75,False,0.8686733245849609,timesformer,ssv2
24550,123,49,8,8,100,span100,False,0.9391843676567078,timesformer,ssv2
114755,123,15,8,8,100,span100,False,0.34750545024871826,timesformer,ssv2
128802,124,50,8,8,100,span100,False,0.5643266439437866,timesformer,ssv2
135917,129,37,4,8,10,span10,True,0.44121745228767395,timesformer,ssv2
3043,129,69,7,8,10,span10,False,0.8785157799720764,timesformer,ssv2
135030,131,20,2,8,10,span10,False,0.3520278036594391,timesformer,ssv2
49038,131,19,2,8,10,span10,False,0.24517406523227692,timesformer,ssv2
71978,131,17,2,8,10,span10,False,0.40396934747695923,timesformer,ssv2
20153,132,40,4,8,10,span10,False,0.29113060235977173,timesformer,ssv2
68062,132,15,2,8,10,span10,False,0.7521000504493713,timesformer,ssv2
85046,134,20,2,8,10,span10,False,0.747300386428833,timesformer,ssv2
84719,134,17,2,8,10,span10,True,0.6236847639083862,timesformer,ssv2
106321,134,35,4,8,10,span10,True,0.9997034668922424,timesformer,ssv2
135917,129,37,8,8,25,span25,True,0.5411468744277954,timesformer,ssv2
3043,129,69,8,8,25,span25,False,0.9191279411315918,timesformer,ssv2
135030,131,20,5,8,25,span25,False,0.33484575152397156,timesformer,ssv2
49038,131,19,5,8,25,span25,False,0.6357972025871277,timesformer,ssv2
71978,131,17,4,8,25,span25,False,0.5670176148414612,timesformer,ssv2
20153,132,40,8,8,25,span25,False,0.815229594707489,timesformer,ssv2
68062,132,15,4,8,25,span25,False,0.6617000699043274,timesformer,ssv2
85046,134,20,5,8,25,span25,False,0.8810463547706604,timesformer,ssv2
84719,134,17,4,8,25,span25,True,0.9536245465278625,timesformer,ssv2
106321,134,35,8,8,25,span25,True,0.9999806880950928,timesformer,ssv2
135917,129,37,8,8,50,span50,True,0.36474600434303284,timesformer,ssv2
3043,129,69,8,8,50,span50,False,0.6183986067771912,timesformer,ssv2
135030,131,20,8,8,50,span50,False,0.9848731756210327,timesformer,ssv2
49038,131,19,8,8,50,span50,False,0.2068231850862503,timesformer,ssv2
71978,131,17,8,8,50,span50,False,0.8753904700279236,timesformer,ssv2
20153,132,40,8,8,50,span50,False,0.3165387809276581,timesformer,ssv2
68062,132,15,8,8,50,span50,True,0.9905645847320557,timesformer,ssv2
85046,134,20,8,8,50,span50,True,0.9928960204124451,timesformer,ssv2
84719,134,17,8,8,50,span50,True,0.8911715745925903,timesformer,ssv2
106321,134,35,8,8,50,span50,True,0.9999743700027466,timesformer,ssv2
135917,129,37,8,8,75,span75,False,0.47270825505256653,timesformer,ssv2
3043,129,69,8,8,75,span75,True,0.9918489456176758,timesformer,ssv2
135030,131,20,8,8,75,span75,False,0.9878197908401489,timesformer,ssv2
49038,131,19,8,8,75,span75,False,0.18189239501953125,timesformer,ssv2
71978,131,17,8,8,75,span75,False,0.9035811424255371,timesformer,ssv2
20153,132,40,8,8,75,span75,False,0.8020766973495483,timesformer,ssv2
68062,132,15,8,8,75,span75,True,0.9670889377593994,timesformer,ssv2
85046,134,20,8,8,75,span75,True,0.9997854828834534,timesformer,ssv2
84719,134,17,8,8,75,span75,True,0.9981157779693604,timesformer,ssv2
106321,134,35,8,8,75,span75,True,0.9986334443092346,timesformer,ssv2
135917,129,37,8,8,100,span100,True,0.28806355595588684,timesformer,ssv2
3043,129,69,8,8,100,span100,True,0.9013397693634033,timesformer,ssv2
135030,131,20,8,8,100,span100,False,0.9927944540977478,timesformer,ssv2
49038,131,19,8,8,100,span100,False,0.13992753624916077,timesformer,ssv2
71978,131,17,8,8,100,span100,False,0.8896142840385437,timesformer,ssv2
20153,132,40,8,8,100,span100,False,0.3034628629684448,timesformer,ssv2
68062,132,15,8,8,100,span100,True,0.923843502998352,timesformer,ssv2
85046,134,20,8,8,100,span100,True,0.9991752505302429,timesformer,ssv2
84719,134,17,8,8,100,span100,False,0.6238371133804321,timesformer,ssv2
106321,134,35,8,8,100,span100,True,0.9984263181686401,timesformer,ssv2
167185,135,50,5,8,10,span10,False,0.900320291519165,timesformer,ssv2
10018,137,17,2,8,10,span10,False,0.8428161144256592,timesformer,ssv2
128629,139,21,2,8,10,span10,False,0.28372013568878174,timesformer,ssv2
127985,140,15,2,8,10,span10,False,0.6016381978988647,timesformer,ssv2
139316,140,18,2,8,10,span10,False,0.5355352759361267,timesformer,ssv2
85931,141,26,3,8,10,span10,False,0.7224371433258057,timesformer,ssv2
167185,135,50,8,8,25,span25,True,0.9965364933013916,timesformer,ssv2
10018,137,17,4,8,25,span25,False,0.5743933916091919,timesformer,ssv2
128629,139,21,5,8,25,span25,True,0.8820674419403076,timesformer,ssv2
127985,140,15,4,8,25,span25,False,0.4776586592197418,timesformer,ssv2
139316,140,18,4,8,25,span25,True,0.6591119170188904,timesformer,ssv2
85931,141,26,6,8,25,span25,False,0.37307533621788025,timesformer,ssv2
167185,135,50,8,8,50,span50,True,0.9974662065505981,timesformer,ssv2
10018,137,17,8,8,50,span50,False,0.36886096000671387,timesformer,ssv2
128629,139,21,8,8,50,span50,True,0.9054257273674011,timesformer,ssv2
127985,140,15,8,8,50,span50,False,0.42735230922698975,timesformer,ssv2
139316,140,18,8,8,50,span50,False,0.952520489692688,timesformer,ssv2
85931,141,26,8,8,50,span50,False,0.25372567772865295,timesformer,ssv2
167185,135,50,8,8,75,span75,True,0.9964848756790161,timesformer,ssv2
10018,137,17,8,8,75,span75,False,0.41647452116012573,timesformer,ssv2
128629,139,21,8,8,75,span75,True,0.998105525970459,timesformer,ssv2
127985,140,15,8,8,75,span75,False,0.9251840710639954,timesformer,ssv2
139316,140,18,8,8,75,span75,False,0.9783276915550232,timesformer,ssv2
85931,141,26,8,8,75,span75,False,0.801938533782959,timesformer,ssv2
167185,135,50,8,8,100,span100,True,0.9878618717193604,timesformer,ssv2
10018,137,17,8,8,100,span100,False,0.4514904320240021,timesformer,ssv2
128629,139,21,8,8,100,span100,True,0.998630940914154,timesformer,ssv2
127985,140,15,8,8,100,span100,True,0.99861741065979,timesformer,ssv2
139316,140,18,8,8,100,span100,False,0.9647661447525024,timesformer,ssv2
85931,141,26,8,8,100,span100,False,0.45370686054229736,timesformer,ssv2
152026,145,67,7,8,10,span10,False,0.9997796416282654,timesformer,ssv2
142245,146,40,4,8,10,span10,False,0.4615969955921173,timesformer,ssv2
152026,145,67,8,8,25,span25,False,0.8759890794754028,timesformer,ssv2
142245,146,40,8,8,25,span25,False,0.4912980794906616,timesformer,ssv2
152026,145,67,8,8,50,span50,True,0.9923650622367859,timesformer,ssv2
142245,146,40,8,8,50,span50,False,0.7480431795120239,timesformer,ssv2
152026,145,67,8,8,75,span75,True,0.9718508124351501,timesformer,ssv2
142245,146,40,8,8,75,span75,False,0.9834569096565247,timesformer,ssv2
152026,145,67,8,8,100,span100,True,0.9888880848884583,timesformer,ssv2
142245,146,40,8,8,100,span100,False,0.9279971718788147,timesformer,ssv2
58994,148,50,5,8,10,span10,False,0.6267171502113342,timesformer,ssv2
124638,150,66,7,8,10,span10,False,0.4818504750728607,timesformer,ssv2
25171,150,63,6,8,10,span10,False,0.49726736545562744,timesformer,ssv2
145707,151,30,3,8,10,span10,False,0.7426194548606873,timesformer,ssv2
64908,151,22,2,8,10,span10,False,0.7465691566467285,timesformer,ssv2
58994,148,50,8,8,25,span25,False,0.38826167583465576,timesformer,ssv2
124638,150,66,8,8,25,span25,False,0.19611091911792755,timesformer,ssv2
25171,150,63,8,8,25,span25,True,0.8814409971237183,timesformer,ssv2
145707,151,30,8,8,25,span25,False,0.4147859513759613,timesformer,ssv2
64908,151,22,6,8,25,span25,False,0.5679078102111816,timesformer,ssv2
58994,148,50,8,8,50,span50,False,0.931606113910675,timesformer,ssv2
124638,150,66,8,8,50,span50,False,0.223732590675354,timesformer,ssv2
25171,150,63,8,8,50,span50,True,0.9215992093086243,timesformer,ssv2
145707,151,30,8,8,50,span50,False,0.698006272315979,timesformer,ssv2
64908,151,22,8,8,50,span50,False,0.5606416463851929,timesformer,ssv2
58994,148,50,8,8,75,span75,False,0.626197099685669,timesformer,ssv2
124638,150,66,8,8,75,span75,False,0.5460007786750793,timesformer,ssv2
25171,150,63,8,8,75,span75,True,0.6180650591850281,timesformer,ssv2
145707,151,30,8,8,75,span75,False,0.6097992062568665,timesformer,ssv2
64908,151,22,8,8,75,span75,False,0.5754601359367371,timesformer,ssv2
58994,148,50,8,8,100,span100,True,0.34957998991012573,timesformer,ssv2
124638,150,66,8,8,100,span100,False,0.36835503578186035,timesformer,ssv2
25171,150,63,8,8,100,span100,True,0.6665452718734741,timesformer,ssv2
145707,151,30,8,8,100,span100,False,0.5961634516716003,timesformer,ssv2
64908,151,22,8,8,100,span100,False,0.5652186870574951,timesformer,ssv2
124976,155,18,2,8,10,span10,False,0.8913089036941528,timesformer,ssv2
116335,155,17,2,8,10,span10,False,0.35477426648139954,timesformer,ssv2
184397,160,39,4,8,10,span10,False,0.2915401756763458,timesformer,ssv2
124976,155,18,4,8,25,span25,False,0.9465363025665283,timesformer,ssv2
116335,155,17,4,8,25,span25,False,0.3511183261871338,timesformer,ssv2
184397,160,39,8,8,25,span25,False,0.3736943304538727,timesformer,ssv2
124976,155,18,8,8,50,span50,False,0.4226466417312622,timesformer,ssv2
116335,155,17,8,8,50,span50,False,0.33431190252304077,timesformer,ssv2
184397,160,39,8,8,50,span50,False,0.38578033447265625,timesformer,ssv2
124976,155,18,8,8,75,span75,False,0.28053343296051025,timesformer,ssv2
116335,155,17,8,8,75,span75,False,0.5020274519920349,timesformer,ssv2
184397,160,39,8,8,75,span75,False,0.43195316195487976,timesformer,ssv2
124976,155,18,8,8,100,span100,True,0.916968822479248,timesformer,ssv2
116335,155,17,8,8,100,span100,False,0.7351919412612915,timesformer,ssv2
184397,160,39,8,8,100,span100,False,0.6264682412147522,timesformer,ssv2
40234,162,56,6,8,10,span10,False,0.8939317464828491,timesformer,ssv2
88503,163,51,5,8,10,span10,False,0.5782281756401062,timesformer,ssv2
40234,162,56,8,8,25,span25,False,0.8243086934089661,timesformer,ssv2
88503,163,51,8,8,25,span25,False,0.3366873860359192,timesformer,ssv2
40234,162,56,8,8,50,span50,False,0.49094536900520325,timesformer,ssv2
88503,163,51,8,8,50,span50,False,0.6789733171463013,timesformer,ssv2
40234,162,56,8,8,75,span75,False,0.24840818345546722,timesformer,ssv2
88503,163,51,8,8,75,span75,False,0.45444777607917786,timesformer,ssv2
40234,162,56,8,8,100,span100,False,0.3218320608139038,timesformer,ssv2
88503,163,51,8,8,100,span100,False,0.5181920528411865,timesformer,ssv2
37516,169,72,7,8,10,span10,False,0.9043481945991516,timesformer,ssv2
51754,169,46,5,8,10,span10,False,0.8078338503837585,timesformer,ssv2
119331,171,45,4,8,10,span10,False,0.5417153835296631,timesformer,ssv2
130921,171,19,2,8,10,span10,False,0.9923700094223022,timesformer,ssv2
192273,173,55,6,8,10,span10,True,0.5566529035568237,timesformer,ssv2
37516,169,72,8,8,25,span25,False,0.9956034421920776,timesformer,ssv2
51754,169,46,8,8,25,span25,False,0.5092411041259766,timesformer,ssv2
119331,171,45,8,8,25,span25,True,0.9994014501571655,timesformer,ssv2
130921,171,19,5,8,25,span25,False,0.9975093603134155,timesformer,ssv2
192273,173,55,8,8,25,span25,False,0.30383339524269104,timesformer,ssv2
37516,169,72,8,8,50,span50,False,0.5427532196044922,timesformer,ssv2
51754,169,46,8,8,50,span50,False,0.7493687272071838,timesformer,ssv2
119331,171,45,8,8,50,span50,True,0.999972939491272,timesformer,ssv2
130921,171,19,8,8,50,span50,False,0.6798756122589111,timesformer,ssv2
192273,173,55,8,8,50,span50,False,0.5651029348373413,timesformer,ssv2
37516,169,72,8,8,75,span75,True,0.8847854733467102,timesformer,ssv2
51754,169,46,8,8,75,span75,False,0.6137891411781311,timesformer,ssv2
119331,171,45,8,8,75,span75,True,0.9998959302902222,timesformer,ssv2
130921,171,19,8,8,75,span75,True,0.9648732542991638,timesformer,ssv2
192273,173,55,8,8,75,span75,False,0.8176723718643188,timesformer,ssv2
37516,169,72,8,8,100,span100,True,0.479896605014801,timesformer,ssv2
51754,169,46,8,8,100,span100,False,0.5428602695465088,timesformer,ssv2
119331,171,45,8,8,100,span100,True,0.9999644756317139,timesformer,ssv2
130921,171,19,8,8,100,span100,False,0.5991270542144775,timesformer,ssv2
192273,173,55,8,8,100,span100,False,0.9255961179733276,timesformer,ssv2
